-- phpMyAdmin SQL Dump
-- version 5.2.1
-- https://www.phpmyadmin.net/
--
-- Host: localhost:3306
-- Generation Time: Mar 09, 2024 at 12:02 PM
-- Server version: 5.7.44
-- PHP Version: 8.1.27

SET SQL_MODE = "NO_AUTO_VALUE_ON_ZERO";
START TRANSACTION;
SET time_zone = "+00:00";


/*!40101 SET @OLD_CHARACTER_SET_CLIENT=@@CHARACTER_SET_CLIENT */;
/*!40101 SET @OLD_CHARACTER_SET_RESULTS=@@CHARACTER_SET_RESULTS */;
/*!40101 SET @OLD_COLLATION_CONNECTION=@@COLLATION_CONNECTION */;
/*!40101 SET NAMES utf8mb4 */;

--
-- Database: `kreoninprimary_krdemo`
--

-- --------------------------------------------------------

--
-- Table structure for table `contacts`
--

CREATE TABLE `contacts` (
  `ID` int(11) NOT NULL,
  `FirstName` varchar(200) NOT NULL,
  `MiddleName` varchar(200) NOT NULL,
  `LastName` varchar(200) NOT NULL,
  `CreatedAt` timestamp NOT NULL DEFAULT CURRENT_TIMESTAMP
) ENGINE=InnoDB DEFAULT CHARSET=latin1;

--
-- Dumping data for table `contacts`
--

INSERT INTO `contacts` (`ID`, `FirstName`, `MiddleName`, `LastName`, `CreatedAt`) VALUES
(1, 'Pornima', 'Kiran', 'Khandekar', '2024-01-06 12:21:28');

-- --------------------------------------------------------

--
-- Table structure for table `kgridfields`
--

CREATE TABLE `kgridfields` (
  `GridFieldId` int(11) NOT NULL,
  `GridId` int(11) NOT NULL,
  `DbFieldName` varchar(200) NOT NULL,
  `FieldType` varchar(200) NOT NULL COMMENT '0=hidden 1=Text Box; 2=SelectDropDown 3=textbox 4=radio 5=Select-from-DB 6=date 7=number 8=Email 9=Checkbox-From-DB 10=MULTI-SELECT-from-DB 11=MULTI SELECT SEARCH from DB WITH MAPPING TABLE	 12=Single Media Upload 13=Multiple Media Upload',
  `DisplayName` varchar(200) NOT NULL,
  `CellMinWidth` int(11) NOT NULL,
  `FieldOtherConditions` varchar(200) NOT NULL,
  `Required` int(11) NOT NULL,
  `OtherAttributes` varchar(1000) NOT NULL,
  `ValueFromDb` varchar(200) NOT NULL COMMENT 'extradb then give value = -1, -2, etc',
  `TableFromDb` varchar(200) NOT NULL,
  `TablePrimary` varchar(200) NOT NULL,
  `TableLabel` varchar(200) NOT NULL,
  `TableCondition` varchar(200) NOT NULL,
  `DisplayOrder` int(11) NOT NULL,
  `ViewOrder` int(11) NOT NULL COMMENT 'Value = 0 => if not to be displayed',
  `ViewDisplayName` varchar(300) NOT NULL,
  `Onchange` int(11) NOT NULL DEFAULT '0',
  `OnchangeParameters` varchar(500) NOT NULL,
  `Onkeyup` int(11) NOT NULL DEFAULT '0',
  `OnkeyupParameters` varchar(500) NOT NULL,
  `GridCalculation` int(11) NOT NULL,
  `AddMaster` int(11) NOT NULL DEFAULT '0'
) ENGINE=InnoDB DEFAULT CHARSET=latin1;

--
-- Dumping data for table `kgridfields`
--

INSERT INTO `kgridfields` (`GridFieldId`, `GridId`, `DbFieldName`, `FieldType`, `DisplayName`, `CellMinWidth`, `FieldOtherConditions`, `Required`, `OtherAttributes`, `ValueFromDb`, `TableFromDb`, `TablePrimary`, `TableLabel`, `TableCondition`, `DisplayOrder`, `ViewOrder`, `ViewDisplayName`, `Onchange`, `OnchangeParameters`, `Onkeyup`, `OnkeyupParameters`, `GridCalculation`, `AddMaster`) VALUES
(1, 1, 'QualityName', '5', 'Quality Name', 60, '', 0, '', '-1', 'master_quality', 'ID', 'Name', '', 1, 1, '', 1, 'response{#HSN | 1 | HSN | Name, #BaleNo | 1 | BaleNo} url { https://krdemo.kreonsolutions.in/getquality.php} ', 0, '', 0, 13),
(2, 1, 'HSN', '1', 'HSN', 60, '', 0, '', '', '', '', '', '', 2, 2, '', 0, '', 0, '', 0, 0),
(3, 1, 'BaleNo', '1', 'BaleNo', 60, '', 0, '', '', '', '', '', '', 3, 3, '', 0, '', 0, '', 0, 0),
(4, 1, 'Lumps', '1', 'Lumps', 60, '', 0, '', '', '', '', '', '', 4, 4, '', 0, '', 1, 'calculation{HTotal = Meter * (   Rate +   Lumps )} ', 1, 0),
(5, 1, 'Meter', '1', 'Meter', 60, '', 0, '', '', '', '', '', '', 5, 5, '', 0, '', 1, 'calculation{HTotal = Meter * (   Rate +   Lumps )} ', 1, 0),
(6, 1, 'Rate', '1', 'Rate', 60, '', 0, '', '', '', '', '', '', 6, 6, '', 0, '', 1, 'calculation{HTotal = Meter * (   Rate +   Lumps )} ', 0, 0),
(7, 1, 'Unit', '1', 'Unit', 60, '', 0, '', '', '', '', '', '', 7, 7, '', 0, '', 0, '', 0, 0),
(8, 1, 'HTotal', '1', 'Total', 60, '', 0, '', '', '', '', '', '', 8, 8, 'Total', 0, '', 0, '', 1, 0),
(9, 2, 'Comment', '1', 'Comment', 60, '', 0, '', '', '', '', '', '', 1, 1, '', 0, '', 0, '', 0, 0),
(10, 2, 'Status', '5', 'Status', 60, '', 0, '', '', 'TaskStatus', 'ID', 'Label', '', 2, 2, '', 0, '', 0, '', 0, 0),
(11, 2, 'CommentBy', '1', 'Comment By', 60, '', 0, '', '', '', '', '', '', 3, 3, '', 0, '', 0, '', 0, 0),
(12, 2, 'DateTime', '6', 'Date & Time', 60, '', 0, '', '', '', '', '', '', 4, 4, 'Date & Time', 0, '', 0, '', 0, 0);

-- --------------------------------------------------------

--
-- Table structure for table `kmainfields`
--

CREATE TABLE `kmainfields` (
  `main_id` int(11) NOT NULL,
  `FormId` int(11) NOT NULL,
  `DbFieldName` varchar(200) NOT NULL,
  `FieldType` varchar(200) NOT NULL COMMENT '0=hidden 1=Text Box; 2=SelectDropDown 3=textbox 4=radio 5=Select-from-DB 6=date 7=number 8=Email 9=Checkbox-From-DB 10=MULTI-SELECT-from-DB 11=MULTI SELECT SEARCH from DB WITH MAPPING TABLE	 12=Single Media Upload 13=Multiple Media Upload',
  `DisplayName` varchar(200) NOT NULL,
  `FieldOtherConditions` varchar(200) NOT NULL,
  `Required` int(11) NOT NULL,
  `OtherAttributes` varchar(1000) NOT NULL COMMENT 'IMAGEPATH= for code 12 & 13 (Give Value from Db as -1 and so on) | SESSION = for using session variable | API= api link for react fn | ReactFn= |AddNewFn= ',
  `FieldSizeSM` int(11) NOT NULL,
  `FieldSizeMD` int(11) NOT NULL,
  `FieldSizeXS` int(11) NOT NULL,
  `Visibility` tinyint(4) NOT NULL DEFAULT '1',
  `TextLength` int(11) NOT NULL DEFAULT '0',
  `TextMax` int(11) NOT NULL DEFAULT '0',
  `TextMin` int(11) NOT NULL DEFAULT '0',
  `TextareaHeight` int(11) NOT NULL,
  `ReadOnly` tinyint(1) NOT NULL DEFAULT '0',
  `TabIndex` int(11) NOT NULL DEFAULT '0',
  `ShowTextBoxInGrid` varchar(50) NOT NULL,
  `ValueFromDb` varchar(200) NOT NULL,
  `TableFromDb` varchar(200) NOT NULL,
  `TablePrimary` varchar(200) NOT NULL,
  `TableLabel` varchar(200) NOT NULL,
  `TableCondition` varchar(200) NOT NULL,
  `TableMapTable` varchar(200) NOT NULL COMMENT 'To be used when we have to use a mapping table for many to many relation. Mention Table name here',
  `TableMapPrimary` varchar(200) NOT NULL COMMENT 'Mention the Primary Key used in Main table to be linked here (aka Foreign key to the main table)',
  `TableMapOtherKey` varchar(200) NOT NULL COMMENT 'Mention the Field name where the actual value will be stored',
  `Onchange` int(11) NOT NULL,
  `OnchangeParameters` varchar(500) NOT NULL,
  `Onkeyup` int(11) NOT NULL,
  `OnkeyupParameters` varchar(500) NOT NULL,
  `DynamicFreeFill` int(11) NOT NULL DEFAULT '0',
  `OnDynamicFreeFill` varchar(500) NOT NULL,
  `AddMaster` int(11) NOT NULL,
  `DropDownYesNo` int(11) NOT NULL,
  `OnDropDownYesNo` varchar(500) NOT NULL,
  `OnLostFocusYesNo` int(11) NOT NULL,
  `OnLostFocus` varchar(500) NOT NULL,
  `OnDropDownAjax` varchar(500) NOT NULL,
  `DisplayOrder` int(11) NOT NULL,
  `ViewOrder` int(11) NOT NULL,
  `ViewDisplayName` varchar(300) NOT NULL,
  `ViewSerial` int(11) NOT NULL,
  `ViewEdit` int(11) NOT NULL,
  `ViewDelete` int(11) NOT NULL,
  `GridId` int(11) NOT NULL,
  `MDRelationTable` varchar(200) NOT NULL COMMENT 'The use of this field has been deprecated. Check usage before deleting.\\r\\nMD fields are to be used while creating a Dynamic Grid by giving Grid ID to the previous field and giving Table & PK here.',
  `MDPrimary` varchar(200) NOT NULL,
  `MDLabel` varchar(200) NOT NULL,
  `MDCondition` varchar(500) NOT NULL,
  `MDRelationKey` int(11) NOT NULL,
  `MDForeign` int(11) NOT NULL
) ENGINE=InnoDB DEFAULT CHARSET=latin1;

--
-- Dumping data for table `kmainfields`
--

INSERT INTO `kmainfields` (`main_id`, `FormId`, `DbFieldName`, `FieldType`, `DisplayName`, `FieldOtherConditions`, `Required`, `OtherAttributes`, `FieldSizeSM`, `FieldSizeMD`, `FieldSizeXS`, `Visibility`, `TextLength`, `TextMax`, `TextMin`, `TextareaHeight`, `ReadOnly`, `TabIndex`, `ShowTextBoxInGrid`, `ValueFromDb`, `TableFromDb`, `TablePrimary`, `TableLabel`, `TableCondition`, `TableMapTable`, `TableMapPrimary`, `TableMapOtherKey`, `Onchange`, `OnchangeParameters`, `Onkeyup`, `OnkeyupParameters`, `DynamicFreeFill`, `OnDynamicFreeFill`, `AddMaster`, `DropDownYesNo`, `OnDropDownYesNo`, `OnLostFocusYesNo`, `OnLostFocus`, `OnDropDownAjax`, `DisplayOrder`, `ViewOrder`, `ViewDisplayName`, `ViewSerial`, `ViewEdit`, `ViewDelete`, `GridId`, `MDRelationTable`, `MDPrimary`, `MDLabel`, `MDCondition`, `MDRelationKey`, `MDForeign`) VALUES
(1, 3, 'FormName', '1', 'FormName', '', 1, '', 0, 0, 0, 1, 0, 0, 0, 0, 0, 0, '', '', '', '', '', '', '', '', '', 0, '', 0, '', 0, '', 0, 0, '', 0, '', '', 1, 1, 'FormName', 0, 0, 0, 0, '', '', '', '', 0, 0),
(2, 3, 'FormTitle', '1', 'FormTitle', '', 1, '', 0, 0, 0, 1, 0, 0, 0, 0, 0, 0, '', '', '', '', '', '', '', '', '', 0, '', 0, '', 0, '', 0, 0, '', 0, '', '', 2, 2, 'FormTitle', 0, 0, 0, 0, '', '', '', '', 0, 0),
(3, 3, 'TableName', '1', 'TableName', '', 1, '', 0, 0, 0, 1, 0, 0, 0, 0, 0, 0, '', '', '', '', '', '', '', '', '', 0, '', 0, '', 0, '', 0, 0, '', 0, '', '', 3, 3, 'TableName', 0, 0, 0, 0, '', '', '', '', 0, 0),
(4, 3, 'TablePrimaryKey', '1', 'TablePrimaryKey', '', 1, '', 0, 0, 0, 1, 0, 0, 0, 0, 0, 0, '', '', '', '', '', '', '', '', '', 0, '', 0, '', 0, '', 0, 0, '', 0, '', '', 4, 4, 'TablePrimaryKey', 0, 0, 0, 0, '', '', '', '', 0, 0),
(5, 3, 'TableCondition', '1', 'TableCondition', '', 0, '', 0, 0, 0, 1, 0, 0, 0, 0, 0, 0, '', '', '', '', '', '', '', '', '', 0, '', 0, '', 0, '', 0, 0, '', 0, '', '', 5, 5, 'TableCondition', 0, 0, 0, 0, '', '', '', '', 0, 0),
(6, 3, 'ViewSerialNo', '1', 'ViewSerialNo', '', 0, '', 0, 0, 0, 1, 0, 0, 0, 0, 0, 0, '', '', '', '', '', '', '', '', '', 0, '', 0, '', 0, '', 0, 0, '', 0, '', '', 6, 0, 'ViewSerialNo', 0, 0, 0, 0, '', '', '', '', 0, 0),
(7, 3, 'ViewEditBtn', '1', 'ViewEditBtn', '', 0, '', 0, 0, 0, 1, 0, 0, 0, 0, 0, 0, '', '', '', '', '', '', '', '', '', 0, '', 0, '', 0, '', 0, 0, '', 0, '', '', 7, 0, 'ViewEditBtn', 0, 0, 0, 0, '', '', '', '', 0, 0),
(8, 3, 'ViewDeleteBtn', '1', 'ViewDeleteBtn', '', 0, '', 0, 0, 0, 1, 0, 0, 0, 0, 0, 0, '', '', '', '', '', '', '', '', '', 0, '', 0, '', 0, '', 0, 0, '', 0, '', '', 8, 0, 'ViewDeleteBtn', 0, 0, 0, 0, '', '', '', '', 0, 0),
(9, 3, 'ViewOtherBtn', '1', 'ViewOtherBtn', '', 0, '', 0, 0, 0, 1, 0, 0, 0, 0, 0, 0, '', '', '', '', '', '', '', '', '', 0, '', 0, '', 0, '', 0, 0, '', 0, '', '', 9, 0, 'ViewOtherBtn', 0, 0, 0, 0, '', '', '', '', 0, 0),
(10, 3, 'OtherBtnIcon', '1', 'OtherBtnIcon', '', 0, '', 0, 0, 0, 1, 0, 0, 0, 0, 0, 0, '', '', '', '', '', '', '', '', '', 0, '', 0, '', 0, '', 0, 0, '', 0, '', '', 10, 0, 'OtherBtnIcon', 0, 0, 0, 0, '', '', '', '', 0, 0),
(11, 3, 'OtherBtnLink', '1', 'OtherBtnLink', '', 0, '', 0, 0, 0, 1, 0, 0, 0, 0, 0, 0, '', '', '', '', '', '', '', '', '', 0, '', 0, '', 0, '', 0, 0, '', 0, '', '', 11, 0, 'OtherBtnLink', 0, 0, 0, 0, '', '', '', '', 0, 0),
(12, 4, 'DbFieldName', '1', 'DbFieldName', '', 1, '', 0, 0, 0, 1, 0, 0, 0, 0, 0, 0, '', '', '', '', '', '', '', '', '', 0, '', 0, '', 0, '', 0, 0, '', 0, '', '', 2, 2, 'DbFieldName', 0, 0, 0, 0, '', '', '', '', 0, 0),
(13, 4, 'FieldType', '5', 'FieldType', '', 1, '', 0, 0, 0, 1, 0, 0, 0, 0, 0, 0, '', '-2', 'master_fieldtype', 'Value', 'Label', '', '', '', '', 0, '', 0, '', 0, '', 0, 0, '', 0, '', '', 3, 2, 'FieldType', 0, 0, 0, 0, '', '', '', '', 0, 0),
(14, 4, 'DisplayName', '1', 'DisplayName', '', 1, '', 0, 0, 0, 1, 0, 0, 0, 0, 0, 0, '', '', '', '', '', '', '', '', '', 0, '', 0, '', 0, '', 0, 0, '', 0, '', '', 4, 3, 'DisplayName', 0, 0, 0, 0, '', '', '', '', 0, 0),
(15, 4, 'FieldOtherConditions', '1', 'FieldOtherConditions', '', 0, '', 0, 0, 0, 1, 0, 0, 0, 0, 0, 0, '', '', '', '', '', '', '', '', '', 0, '', 0, '', 0, '', 0, 0, '', 0, '', '', 5, 4, 'FieldOtherConditions', 0, 0, 0, 0, '', '', '', '', 0, 0),
(16, 4, 'Required', '7', 'Required', '', 0, '', 0, 0, 0, 1, 0, 0, 0, 0, 0, 0, '', '', '', '', '', '', '', '', '', 0, '', 0, '', 0, '', 0, 0, '', 0, '', '', 6, 5, 'Required', 0, 0, 0, 0, '', '', '', '', 0, 0),
(17, 4, 'ValueFromDb', '7', 'ValueFromDb', '', 0, '', 0, 0, 0, 1, 0, 0, 0, 0, 0, 0, '', '', '', '', '', '', '', '', '', 0, '', 0, '', 0, '', 0, 0, '', 0, '', '', 7, 0, 'ValueFromDb', 0, 0, 0, 0, '', '', '', '', 0, 0),
(18, 4, 'TableFromDb', '1', 'TableFromDb', '', 0, '', 0, 0, 0, 1, 0, 0, 0, 0, 0, 0, '', '', '', '', '', '', '', '', '', 0, '', 0, '', 0, '', 0, 0, '', 0, '', '', 8, 0, 'TableFromDb', 0, 0, 0, 0, '', '', '', '', 0, 0),
(19, 4, 'TablePrimary', '1', 'TablePrimary', '', 0, '', 0, 0, 0, 1, 0, 0, 0, 0, 0, 0, '', '', '', '', '', '', '', '', '', 0, '', 0, '', 0, '', 0, 0, '', 0, '', '', 9, 0, 'TablePrimary	', 0, 0, 0, 0, '', '', '', '', 0, 0),
(20, 4, 'TableLabel', '1', 'TableLabel', '', 0, '', 0, 0, 0, 1, 0, 0, 0, 0, 0, 0, '', '', '', '', '', '', '', '', '', 0, '', 0, '', 0, '', 0, 0, '', 0, '', '', 10, 0, 'TableLabel', 0, 0, 0, 0, '', '', '', '', 0, 0),
(21, 4, 'TableCondition', '1', 'TableCondition', '', 0, '', 0, 0, 0, 1, 0, 0, 0, 0, 0, 0, '', '', '', '', '', '', '', '', '', 0, '', 0, '', 0, '', 0, 0, '', 0, '', '', 11, 0, 'TableCondition', 0, 0, 0, 0, '', '', '', '', 0, 0),
(22, 4, 'TableMapTable', '1', 'TableMapTable', '', 0, '', 0, 0, 0, 1, 0, 0, 0, 0, 0, 0, '', '', '', '', '', '', '', '', '', 0, '', 0, '', 0, '', 0, 0, '', 0, '', '', 12, 0, 'TableMapTable', 0, 0, 0, 0, '', '', '', '', 0, 0),
(23, 4, 'TableMapPrimary', '1', 'TableMapPrimary', '', 0, '', 0, 0, 0, 1, 0, 0, 0, 0, 0, 0, '', '', '', '', '', '', '', '', '', 0, '', 0, '', 0, '', 0, 0, '', 0, '', '', 13, 0, 'TableMapPrimary', 0, 0, 0, 0, '', '', '', '', 0, 0),
(24, 4, 'TableMapOtherKey', '1', 'TableMapOtherKey', '', 0, '', 0, 0, 0, 1, 0, 0, 0, 0, 0, 0, '', '', '', '', '', '', '', '', '', 0, '', 0, '', 0, '', 0, 0, '', 0, '', '', 14, 0, 'TableMapOtherKey', 0, 0, 0, 0, '', '', '', '', 0, 0),
(25, 4, 'DisplayOrder', '7', 'DisplayOrder', '', 0, '', 0, 0, 0, 1, 0, 0, 0, 0, 0, 0, '', '', '', '', '', '', '', '', '', 0, '', 0, '', 0, '', 0, 0, '', 0, '', '', 15, 0, 'DisplayOrder', 0, 0, 0, 0, '', '', '', '', 0, 0),
(26, 4, 'ViewOrder', '7', 'ViewOrder', '', 0, '', 0, 0, 0, 1, 0, 0, 0, 0, 0, 0, '', '', '', '', '', '', '', '', '', 0, '', 0, '', 0, '', 0, 0, '', 0, '', '', 16, 0, 'ViewOrder', 0, 0, 0, 0, '', '', '', '', 0, 0),
(27, 4, 'ViewDisplayName', '1', 'ViewDisplayName', '', 0, '', 0, 0, 0, 1, 0, 0, 0, 0, 0, 0, '', '', '', '', '', '', '', '', '', 0, '', 0, '', 0, '', 0, 0, '', 0, '', '', 17, 0, 'ViewDisplayName', 0, 0, 0, 0, '', '', '', '', 0, 0),
(28, 104, 'ViewSerial', '1', 'ViewSerial', '', 0, '', 0, 0, 0, 1, 0, 0, 0, 0, 0, 0, '', '', '', '', '', '', '', '', '', 0, '', 0, '', 0, '', 0, 0, '', 0, '', '', 17, 0, 'ViewSerial', 0, 0, 0, 0, '', '', '', '', 0, 0),
(29, 104, 'ViewEdit', '1', 'ViewEdit', '', 0, '', 0, 0, 0, 1, 0, 0, 0, 0, 0, 0, '', '', '', '', '', '', '', '', '', 0, '', 0, '', 0, '', 0, 0, '', 0, '', '', 18, 0, 'ViewEdit', 0, 0, 0, 0, '', '', '', '', 0, 0),
(30, 104, 'ViewDelete', '1', 'ViewDelete', '', 0, '', 0, 0, 0, 1, 0, 0, 0, 0, 0, 0, '', '', '', '', '', '', '', '', '', 0, '', 0, '', 0, '', 0, 0, '', 0, '', '', 19, 0, 'ViewDelete', 0, 0, 0, 0, '', '', '', '', 0, 0),
(31, 4, 'GridId', '1', 'GridId', '', 0, '', 0, 0, 0, 1, 0, 0, 0, 0, 0, 0, '', '', '', '', '', '', '', '', '', 0, '', 0, '', 0, '', 0, 0, '', 0, '', '', 28, 0, 'GridId', 0, 0, 0, 0, '', '', '', '', 0, 0),
(32, 4, 'MDRelationTable', '1', 'MDRelationTable', '', 0, '', 0, 0, 0, 1, 0, 0, 0, 0, 0, 0, '', '', '', '', '', '', '', '', '', 0, '', 0, '', 0, '', 0, 0, '', 0, '', '', 29, 0, 'MDRelationTable', 0, 0, 0, 0, '', '', '', '', 0, 0),
(33, 4, 'MDPrimary', '1', 'MDPrimary', '', 0, '', 0, 0, 0, 1, 0, 0, 0, 0, 0, 0, '', '', '', '', '', '', '', '', '', 0, '', 0, '', 0, '', 0, 0, '', 0, '', '', 30, 0, 'MDPrimary', 0, 0, 0, 0, '', '', '', '', 0, 0),
(34, 104, 'MDLabel', '1', 'MDLabel', '', 0, '', 0, 0, 0, 1, 0, 0, 0, 0, 0, 0, '', '', '', '', '', '', '', '', '', 0, '', 0, '', 0, '', 0, 0, '', 0, '', '', 23, 0, 'MDLabel', 0, 0, 0, 0, '', '', '', '', 0, 0),
(35, 104, 'MDCondition', '1', 'MDCondition', '', 0, '', 0, 0, 0, 1, 0, 0, 0, 0, 0, 0, '', '', '', '', '', '', '', '', '', 0, '', 0, '', 0, '', 0, 0, '', 0, '', '', 24, 0, 'MDCondition', 0, 0, 0, 0, '', '', '', '', 0, 0),
(36, 104, 'MDRelationKey', '1', 'MDRelationKey', '', 0, '', 0, 0, 0, 1, 0, 0, 0, 0, 0, 0, '', '', '', '', '', '', '', '', '', 0, '', 0, '', 0, '', 0, 0, '', 0, '', '', 25, 0, 'MDRelationKey', 0, 0, 0, 0, '', '', '', '', 0, 0),
(37, 104, 'MDForeign', '1', 'MDForeign', '', 0, '', 0, 0, 0, 1, 0, 0, 0, 0, 0, 0, '', '', '', '', '', '', '', '', '', 0, '', 0, '', 0, '', 0, 0, '', 0, '', '', 26, 0, 'MDForeign', 0, 0, 0, 0, '', '', '', '', 0, 0),
(38, 1, 'Username', '1', 'Username', '', 0, '', 0, 0, 0, 1, 0, 0, 0, 0, 0, 0, '', '', '', '', '', '', '', '', '', 0, '', 0, '', 0, '', 0, 0, '', 0, '', '', 1, 1, 'Username', 0, 0, 0, 0, '', '', '', '', 0, 0),
(39, 1, 'Name', '1', 'Name', '', 1, '', 0, 0, 0, 1, 0, 0, 0, 0, 0, 0, '', '', '', '', '', '', '', '', '', 0, '', 0, '', 0, '', 0, 0, '', 0, '', '', 2, 2, 'Name', 0, 0, 0, 0, '', '', '', '', 0, 0),
(40, 1, 'Role', '5', 'Role', '', 0, '', 0, 0, 0, 1, 0, 0, 0, 0, 0, 0, '', '-1', 'pagerolemaster', 'RoleId', 'Label', '', '', '', '', 0, '', 0, '', 0, '', 0, 0, '', 0, '', '', 3, 3, 'Role', 0, 0, 0, 0, '', '', '', '', 0, 0),
(41, 1, 'Password', '1', 'Password', '', 0, '', 0, 0, 0, 1, 0, 0, 0, 0, 0, 0, '', '', '', '', '', '', '', '', '', 0, '', 0, '', 0, '', 0, 0, '', 0, '', '', 4, 0, 'Password', 0, 0, 0, 0, '', '', '', '', 0, 0),
(42, 2, 'Reg', '1', 'Reg', '', 0, '', 0, 0, 0, 1, 0, 0, 0, 0, 0, 0, '', '', '', '', '', '', '', '', '', 0, '', 0, '', 0, '', 0, 0, '', 0, '', '', 1, 1, 'Reg', 0, 0, 0, 0, '', '', '', '', 0, 0),
(43, 2, 'EntryNo', '1', 'Entry Num', '', 0, '', 0, 0, 0, 1, 0, 0, 0, 0, 0, 0, '', '', '', '', '', '', '', '', '', 0, '', 0, '', 0, '', 0, 0, '', 0, '', '', 2, 0, 'EntryNo', 0, 0, 0, 0, '', '', '', '', 0, 0),
(44, 2, 'EntryDate', '6', 'Entry Date', '', 0, '', 0, 0, 0, 1, 0, 0, 0, 0, 0, 0, '', '', '', '', '', '', '', '', '', 0, '', 0, '', 0, '', 0, 0, '', 0, '', '', 3, 3, 'Entry Date', 0, 0, 0, 0, '', '', '', '', 0, 0),
(45, 2, 'ChlNo', '1', 'ChlNo', '', 0, '', 0, 0, 0, 1, 0, 0, 0, 0, 0, 0, '', '', '', '', '', '', '', '', '', 0, '', 0, '', 1, 'response{#ChlNo | 1 | ChlNo,  #ChlDate | 6 | ChlDate} url { https://krdemo.kreonsolutions.in/dynamicFreeFillData.php} ', 0, 0, '', 0, '', '', 4, 4, 'ChlNo', 0, 0, 0, 0, '', '', '', '', 0, 0),
(46, 2, 'ChlDate', '6', 'Chl Date', '', 0, '', 0, 0, 0, 1, 0, 0, 0, 0, 0, 0, '', '', '', '', '', '', '', '', '', 0, '', 0, '', 1, 'response{#ChlNo | 1 | ChlNo,  #ChlDate | 6 | ChlDate} url { https://krdemo.kreonsolutions.in/dynamicFreeFillData.php} ', 0, 0, '', 0, '', '', 5, 5, 'Chl Date', 0, 0, 0, 0, '', '', '', '', 0, 0),
(47, 2, 'TrspPay', '1', 'TrspPay', '', 0, '', 0, 0, 0, 1, 0, 0, 0, 0, 0, 0, '', '', '', '', '', '', '', '', '', 0, '', 0, '', 0, '', 0, 0, '', 0, '', '', 6, 6, 'TrspPay', 0, 0, 0, 0, '', '', '', '', 0, 0),
(48, 2, 'Sender', '5', 'Sender', '', 0, '', 0, 0, 0, 1, 0, 0, 0, 0, 0, 0, '', '-1', 'master_party', 'ID', 'Name', '', 'map_purchaseinward_party', 'PurchaseInwardID', 'PartyID', 1, 'response{#Broker | 5 | BrokerName|ID | Name,  #TrspPay | 1 | TrspPay} url { https://krdemo.kreonsolutions.in/getbroker.php} ', 0, '', 0, '', 11, 1, 'response{ID | Name } url { https://krdemo.kreonsolutions.in/getSender.php}', 0, '', '', 7, 2, 'Sender', 0, 0, 0, 0, '', '', '', '', 0, 0),
(49, 2, 'Broker', '5', 'Broker', '', 0, '', 0, 0, 0, 1, 0, 0, 0, 0, 0, 0, '', '-2', 'master_broker', 'ID', 'Name', 'where PartyID = $arr[4]', '', '', '', 0, '', 0, '', 0, '', 12, 0, '', 0, '', '', 8, 3, 'Broker', 0, 0, 0, 0, '', '', '', '', 0, 0),
(50, 2, 'Remark', '3', 'Remark', '', 0, '', 0, 0, 0, 1, 0, 0, 0, 0, 0, 0, '', '', '', '', '', '', '', '', '', 0, '', 0, '', 0, '', 0, 0, '', 0, '', '', 9, 0, 'Remark', 0, 0, 0, 0, '', '', '', '', 0, 0),
(51, 2, '', '14', '', '', 0, '', 0, 0, 0, 1, 0, 0, 0, 0, 0, 0, '', '', '', '', '', '', '', '', '', 0, '', 0, '', 0, '', 0, 0, '', 0, '', '', 10, 0, '', 0, 0, 0, 1, 'map_purchaseinward_products', 'PurchaseInwardID', '', '', 0, 0),
(52, 4, 'OtherAttributes', '1', 'OtherAttributes', '', 0, '', 0, 0, 0, 1, 0, 0, 0, 0, 0, 0, '', '', '', '', '', '', '', '', '', 0, '', 0, '', 0, '', 0, 0, '', 0, '', '', 31, 0, 'OtherAttributes', 0, 0, 0, 0, '', '', '', '', 0, 0),
(53, 5, 'GridName', '1', 'GridName', '', 1, '', 0, 0, 0, 1, 0, 0, 0, 0, 0, 0, '', '', '', '', '', '', '', '', '', 0, '', 0, '', 0, '', 0, 0, '', 0, '', '', 1, 1, 'GridName', 0, 0, 0, 0, '', '', '', '', 0, 0),
(54, 5, 'GridTitle', '1', 'GridTitle', '', 0, '', 0, 0, 0, 1, 0, 0, 0, 0, 0, 0, '', '', '', '', '', '', '', '', '', 0, '', 0, '', 0, '', 0, 0, '', 0, '', '', 2, 2, 'GridTitle', 0, 0, 0, 0, '', '', '', '', 0, 0),
(55, 5, 'TableName', '1', 'TableName', '', 1, '', 0, 0, 0, 1, 0, 0, 0, 0, 0, 0, '', '', '', '', '', '', '', '', '', 0, '', 0, '', 0, '', 0, 0, '', 0, '', '', 3, 3, 'TableName', 0, 0, 0, 0, '', '', '', '', 0, 0),
(56, 5, 'TablePrimaryKey', '1', 'TablePrimaryKey', '', 0, '', 0, 0, 0, 1, 0, 0, 0, 0, 0, 0, '', '', '', '', '', '', '', '', '', 0, '', 0, '', 0, '', 0, 0, '', 0, '', '', 4, 4, 'TablePrimaryKey', 0, 0, 0, 0, '', '', '', '', 0, 0),
(57, 5, 'TableCondition', '1', 'TableCondition', '', 0, '', 0, 0, 0, 1, 0, 0, 0, 0, 0, 0, '', '', '', '', '', '', '', '', '', 0, '', 0, '', 0, '', 0, 0, '', 0, '', '', 5, 5, 'TableCondition', 0, 0, 0, 0, '', '', '', '', 0, 0),
(58, 5, 'TableUnique', '1', 'TableUnique', '', 0, '', 0, 0, 0, 1, 0, 0, 0, 0, 0, 0, '', '', '', '', '', '', '', '', '', 0, '', 0, '', 0, '', 0, 0, '', 0, '', '', 6, 6, 'TableUnique', 0, 0, 0, 0, '', '', '', '', 0, 0),
(59, 6, 'GridId', '1', 'GridId', '', 0, '', 0, 0, 0, 1, 0, 0, 0, 0, 0, 0, '', '', '', '', '', '', '', '', '', 0, '', 0, '', 0, '', 0, 0, '', 0, '', '', 1, 1, 'GridId', 0, 0, 0, 0, '', '', '', '', 0, 0),
(60, 6, 'DbFieldName', '1', 'DbFieldName', '', 1, '', 0, 0, 0, 1, 0, 0, 0, 0, 0, 0, '', '', '', '', '', '', '', '', '', 0, '', 0, '', 0, '', 0, 0, '', 0, '', '', 2, 2, 'DbFieldName', 0, 0, 0, 0, '', '', '', '', 0, 0),
(61, 6, 'FieldType', '7', 'FieldType', '', 1, '', 0, 0, 0, 1, 0, 0, 0, 0, 0, 0, '', '', '', '', '', '', '', '', '', 0, '', 0, '', 0, '', 0, 0, '', 0, '', '', 3, 3, 'FieldType', 0, 0, 0, 0, '', '', '', '', 0, 0),
(62, 6, 'DisplayName', '1', 'DisplayName', '', 1, '', 0, 0, 0, 1, 0, 0, 0, 0, 0, 0, '', '', '', '', '', '', '', '', '', 0, '', 0, '', 0, '', 0, 0, '', 0, '', '', 4, 4, 'DisplayName', 0, 0, 0, 0, '', '', '', '', 0, 0),
(63, 6, 'CellMinWidth', '7', 'CellMinWidth', '', 1, '', 0, 0, 0, 1, 0, 0, 0, 0, 0, 0, '', '', '', '', '', '', '', '', '', 0, '', 0, '', 0, '', 0, 0, '', 0, '', '', 5, 5, 'CellMinWidth', 0, 0, 0, 0, '', '', '', '', 0, 0),
(64, 6, 'FieldOtherConditions', '1', 'FieldOtherConditions', '', 0, '', 0, 0, 0, 1, 0, 0, 0, 0, 0, 0, '', '', '', '', '', '', '', '', '', 0, '', 0, '', 0, '', 0, 0, '', 0, '', '', 6, 6, 'FieldOtherConditions', 0, 0, 0, 0, '', '', '', '', 0, 0),
(65, 6, 'Required', '7', 'Required', '', 0, '', 0, 0, 0, 1, 0, 0, 0, 0, 0, 0, '', '', '', '', '', '', '', '', '', 0, '', 0, '', 0, '', 0, 0, '', 0, '', '', 7, 7, 'Required', 0, 0, 0, 0, '', '', '', '', 0, 0),
(66, 6, 'OtherAttributes', '1', 'OtherAttributes', '', 0, '', 0, 0, 0, 1, 0, 0, 0, 0, 0, 0, '', '', '', '', '', '', '', '', '', 0, '', 0, '', 0, '', 0, 0, '', 0, '', '', 8, 0, 'OtherAttributes', 0, 0, 0, 0, '', '', '', '', 0, 0),
(67, 6, 'ValueFromDb', '7', 'ValueFromDb', '', 0, '', 0, 0, 0, 1, 0, 0, 0, 0, 0, 0, '', '', '', '', '', '', '', '', '', 0, '', 0, '', 0, '', 0, 0, '', 0, '', '', 9, 0, 'ValueFromDb', 0, 0, 0, 0, '', '', '', '', 0, 0),
(68, 6, 'TableFromDb', '1', 'TableFromDb', '', 0, '', 0, 0, 0, 1, 0, 0, 0, 0, 0, 0, '', '', '', '', '', '', '', '', '', 0, '', 0, '', 0, '', 0, 0, '', 0, '', '', 10, 0, 'TableFromDb', 0, 0, 0, 0, '', '', '', '', 0, 0),
(69, 6, 'TablePrimary', '1', 'TablePrimary', '', 0, '', 0, 0, 0, 1, 0, 0, 0, 0, 0, 0, '', '', '', '', '', '', '', '', '', 0, '', 0, '', 0, '', 0, 0, '', 0, '', '', 11, 0, 'TablePrimary ', 0, 0, 0, 0, '', '', '', '', 0, 0),
(70, 6, 'TableLabel', '1', 'TableLabel', '', 0, '', 0, 0, 0, 1, 0, 0, 0, 0, 0, 0, '', '', '', '', '', '', '', '', '', 0, '', 0, '', 0, '', 0, 0, '', 0, '', '', 12, 0, 'TableLabel', 0, 0, 0, 0, '', '', '', '', 0, 0),
(71, 6, 'TableCondition', '1', 'TableCondition', '', 0, '', 0, 0, 0, 1, 0, 0, 0, 0, 0, 0, '', '', '', '', '', '', '', '', '', 0, '', 0, '', 0, '', 0, 0, '', 0, '', '', 13, 0, 'TableCondition', 0, 0, 0, 0, '', '', '', '', 0, 0),
(72, 6, 'DisplayOrder', '7', 'DisplayOrder', '', 0, '', 0, 0, 0, 1, 0, 0, 0, 0, 0, 0, '', '', '', '', '', '', '', '', '', 0, '', 0, '', 0, '', 0, 0, '', 0, '', '', 14, 0, 'DisplayOrder', 0, 0, 0, 0, '', '', '', '', 0, 0),
(73, 6, 'ViewOrder', '7', 'ViewOrder', '', 0, '', 0, 0, 0, 1, 0, 0, 0, 0, 0, 0, '', '', '', '', '', '', '', '', '', 0, '', 0, '', 0, '', 0, 0, '', 0, '', '', 15, 0, 'ViewOrder', 0, 0, 0, 0, '', '', '', '', 0, 0),
(74, 6, 'ViewDisplayName', '1', 'ViewDisplayName', '', 0, '', 0, 0, 0, 1, 0, 0, 0, 0, 0, 0, '', '', '', '', '', '', '', '', '', 0, '', 0, '', 0, '', 0, 0, '', 0, '', '', 16, 0, 'ViewDisplayName', 0, 0, 0, 0, '', '', '', '', 0, 0),
(75, 4, 'FormId', '5', 'FormId', '', 0, '', 0, 0, 0, 1, 0, 0, 0, 0, 0, 0, '', '-1', 'kmainforms', 'FormId', 'FormName', '', '', '', '', 0, '', 0, '', 0, '', 0, 0, '', 0, '', '', 1, 1, 'Form Name', 0, 0, 0, 0, '', '', '', '', 0, 0),
(76, 8, 'parentMenu', '5', 'parentMenu', '', 0, '', 0, 0, 0, 1, 0, 0, 0, 0, 0, 0, '', '-2', 'kpageaccess', 'ID', 'displayname', '', '', '', '', 0, '', 0, '', 0, '', 0, 0, '', 0, '', '', 1, 1, 'parentMenu', 0, 0, 0, 0, '', '', '', '', 0, 0),
(77, 8, 'displayname', '1', 'displayname', '', 1, '', 0, 0, 0, 1, 0, 0, 0, 0, 0, 0, '', '', '', '', '', '', '', '', '', 0, '', 0, '', 0, '', 0, 0, '', 0, '', '', 2, 2, 'displayname', 0, 0, 0, 0, '', '', '', '', 0, 0),
(78, 8, 'filename', '1', 'filename', '', 1, '', 0, 0, 0, 1, 0, 0, 0, 0, 0, 0, '', '', '', '', '', '', '', '', '', 0, '', 0, '', 0, '', 0, 0, '', 0, '', '', 3, 3, 'filename', 0, 0, 0, 0, '', '', '', '', 0, 0),
(79, 8, 'FormId', '5', 'FormId', '', 0, '', 0, 0, 0, 1, 0, 0, 0, 0, 0, 0, '', '-1', 'kmainforms', 'FormId', 'FormName', '', '', '', '', 0, '', 0, '', 0, '', 0, 0, '', 0, '', '', 4, 4, 'Form Name', 0, 0, 0, 0, '', '', '', '', 0, 0),
(80, 8, 'FaIcon', '1', 'FaIcon', '', 0, '', 0, 0, 0, 1, 0, 0, 0, 0, 0, 0, '', '', '', '', '', '', '', '', '', 0, '', 0, '', 0, '', 0, 0, '', 0, '', '', 5, 5, 'FaIcon', 0, 0, 0, 0, '', '', '', '', 0, 0),
(81, 8, 'PageOrder', '1', 'PageOrder', '', 0, '', 0, 0, 0, 1, 0, 0, 0, 0, 0, 0, '', '', '', '', '', '', '', '', '', 0, '', 0, '', 0, '', 0, 0, '', 0, '', '', 6, 6, 'PageOrder', 0, 0, 0, 0, '', '', '', '', 0, 0),
(82, 8, 'AddBtn', '7', 'AddBtn', '', 0, '', 0, 0, 0, 1, 0, 0, 0, 0, 0, 0, '', '', '', '', '', '', '', '', '', 0, '', 0, '', 0, '', 0, 0, '', 0, '', '', 7, 0, 'AddBtn', 0, 0, 0, 0, '', '', '', '', 0, 0),
(83, 8, 'EditBtn', '7', 'EditBtn', '', 0, '', 0, 0, 0, 1, 0, 0, 0, 0, 0, 0, '', '', '', '', '', '', '', '', '', 0, '', 0, '', 0, '', 0, 0, '', 0, '', '', 8, 0, 'EditBtn', 0, 0, 0, 0, '', '', '', '', 0, 0),
(84, 8, 'ListView', '7', 'ListView', '', 0, '', 0, 0, 0, 1, 0, 0, 0, 0, 0, 0, '', '', '', '', '', '', '', '', '', 0, '', 0, '', 0, '', 0, 0, '', 0, '', '', 9, 0, 'ListView', 0, 0, 0, 0, '', '', '', '', 0, 0),
(85, 8, 'DeleteBtn', '7', 'DeleteBtn', '', 0, '', 0, 0, 0, 1, 0, 0, 0, 0, 0, 0, '', '', '', '', '', '', '', '', '', 0, '', 0, '', 0, '', 0, 0, '', 0, '', '', 10, 0, 'DeleteBtn', 0, 0, 0, 0, '', '', '', '', 0, 0),
(86, 8, 'OtherBtn', '7', 'OtherBtn', '', 0, '', 0, 0, 0, 1, 0, 0, 0, 0, 0, 0, '', '', '', '', '', '', '', '', '', 0, '', 0, '', 0, '', 0, 0, '', 0, '', '', 11, 0, 'OtherBtn', 0, 0, 0, 0, '', '', '', '', 0, 0),
(87, 7, 'entno', '1', 'Entry_No', '', 0, '', 0, 0, 0, 1, 0, 0, 0, 0, 0, 0, '', '', '', '', '', '', '', '', '', 0, '', 0, '', 0, '', 0, 0, '', 0, '', '', 1, 1, '1', 0, 0, 0, 0, '', '', '', '', 0, 0),
(88, 9, 'FirstName', '1', 'First Name', '', 1, '', 0, 0, 0, 1, 0, 0, 0, 0, 0, 0, '', '', '', '', '', '', '', '', '', 0, '', 0, '', 0, '', 0, 0, '', 0, '', '', 1, 1, 'First Name', 0, 0, 0, 0, '', '', '', '', 0, 0),
(89, 9, 'MiddleName', '1', 'Middle Name', '', 1, '', 0, 0, 0, 1, 0, 0, 0, 0, 0, 0, '', '', '', '', '', '', '', '', '', 0, '', 0, '', 0, '', 0, 0, '', 0, '', '', 3, 3, 'Middle Name', 0, 0, 0, 0, '', '', '', '', 0, 0),
(90, 9, 'LastName', '1', 'Last Name', '', 0, '', 3, 3, 3, 1, 0, 0, 0, 0, 0, 0, '', '', '', '', '', '', '', '', '', 0, '', 0, '', 0, '', 0, 0, '', 0, '', '', 2, 2, 'Surname', 0, 0, 0, 0, '', '', '', '', 0, 0),
(91, 4, 'Visibility', '7', 'Show Field', '', 0, '', 0, 0, 0, 1, 0, 0, 0, 0, 0, 0, '', '', '', '', '', '', '', '', '', 0, '', 0, '', 0, '', 0, 0, '', 0, '', '', 18, 0, 'Visibility', 0, 0, 0, 0, '', '', '', '', 0, 0),
(92, 4, 'ReadOnly', '7', 'ReadOnly', '', 0, '', 0, 0, 0, 1, 0, 0, 0, 0, 0, 0, '', '', '', '', '', '', '', '', '', 0, '', 0, '', 0, '', 0, 0, '', 0, '', '', 19, 0, '', 0, 0, 0, 0, '', '', '', '', 0, 0),
(93, 4, 'Onchange', '5', 'Onchange', '', 0, '', 0, 0, 0, 1, 0, 0, 0, 0, 0, 0, '', '-2', 'master_yesno', 'ID', 'Label', '', '', '', '', 0, '', 0, '', 0, '', 0, 0, '', 0, '', '', 20, 0, '', 0, 0, 0, 0, '', '', '', '', 0, 0),
(94, 4, 'OnchangeParameters', '3', 'OnchangeParameters', '', 0, '', 0, 0, 0, 1, 0, 0, 0, 0, 0, 0, '', '', '', '', '', '', '', '', '', 0, '', 0, '', 0, '', 0, 0, '', 0, '', '', 21, 0, 'OnchangeParameters', 0, 0, 0, 0, '', '', '', '', 0, 0),
(95, 4, 'TextMin', '7', 'TextMin', '', 0, '', 0, 0, 0, 1, 0, 0, 0, 0, 0, 0, '', '', '', '', '', '', '', '', '', 0, '', 0, '', 0, '', 0, 0, '', 0, '', '', 22, 0, '', 0, 0, 0, 0, '', '', '', '', 0, 0),
(96, 4, 'TextMax', '7', 'TextMax', '', 0, '', 0, 0, 0, 1, 0, 0, 0, 0, 0, 0, '', '', '', '', '', '', '', '', '', 0, '', 0, '', 0, '', 0, 0, '', 0, '', '', 23, 0, '', 0, 0, 0, 0, '', '', '', '', 0, 0),
(97, 4, 'TextLength', '7', 'TextLength', '', 0, '', 0, 0, 0, 1, 0, 0, 0, 0, 0, 0, '', '', '', '', '', '', '', '', '', 0, '', 0, '', 0, '', 0, 0, '', 0, '', '', 24, 0, 'TextLength', 0, 0, 0, 0, '', '', '', '', 0, 0),
(98, 4, 'FieldSizeSM', '7', 'FieldSizeSM', '', 0, '', 0, 0, 0, 1, 0, 0, 0, 0, 0, 0, '', '', '', '', '', '', '', '', '', 0, '', 0, '', 0, '', 0, 0, '', 0, '', '', 25, 0, 'FieldSizeSM', 0, 0, 0, 0, '', '', '', '', 0, 0),
(99, 4, 'FieldSizeMD', '7', 'FieldSizeMD', '', 0, '', 0, 0, 0, 1, 0, 0, 0, 0, 0, 0, '', '', '', '', '', '', '', '', '', 0, '', 0, '', 0, '', 0, 0, '', 0, '', '', 26, 0, 'FieldSizeMD', 0, 0, 0, 0, '', '', '', '', 0, 0),
(100, 4, 'FieldSizeXS', '7', 'FieldSizeXS', '', 0, '', 0, 0, 0, 1, 0, 0, 0, 0, 0, 0, '', '', '', '', '', '', '', '', '', 0, '', 0, '', 0, '', 0, 0, '', 0, '', '', 27, 0, 'FieldSizeXS', 0, 0, 0, 0, '', '', '', '', 0, 0),
(102, 5, 'GridCalculation', '5', 'GridCalculation', '', 0, '', 0, 0, 0, 1, 0, 0, 0, 0, 0, 0, '', '-2', 'master_yesno', 'ID', 'Label', '', '', '', '', 0, '', 0, '', 0, '', 0, 0, '', 0, '', '', 7, 0, 'GridCalculation', 0, 0, 0, 0, '', '', '', '', 0, 0),
(103, 6, 'Onchange', '5', 'Onchange', '', 0, '', 0, 0, 0, 1, 0, 0, 0, 0, 0, 0, '', '-2', 'master_yesno', 'ID', 'Label', '', '', '', '', 0, '', 0, '', 0, '', 0, 0, '', 0, '', '', 17, 0, 'Onchange', 0, 0, 0, 0, '', '', '', '', 0, 0),
(104, 6, 'OnchangeParameters', '3', 'OnchangeParameters', '', 0, '', 0, 0, 0, 1, 0, 0, 0, 0, 0, 0, '', '', '', '', '', '', '', '', '', 0, '', 0, '', 0, '', 0, 0, '', 0, '', '', 18, 0, 'OnchangeParameters', 0, 0, 0, 0, '', '', '', '', 0, 0),
(105, 6, 'Onkeyup', '5', 'Onkeyup', '', 0, '', 0, 0, 0, 1, 0, 0, 0, 0, 0, 0, '', '-3', 'master_yesno', 'ID', 'Label', '', '', '', '', 0, '', 0, '', 0, '', 0, 0, '', 0, '', '', 19, 0, 'Onkeyup', 0, 0, 0, 0, '', '', '', '', 0, 0),
(106, 6, 'OnkeyupParameters', '3', 'OnkeyupParameters', '', 0, '', 0, 0, 0, 1, 0, 0, 0, 0, 0, 0, '', '', '', '', '', '', '', '', '', 0, '', 0, '', 0, '', 0, 0, '', 0, '', '', 20, 0, 'OnkeyupParameters', 0, 0, 0, 0, '', '', '', '', 0, 0),
(107, 6, 'GridCalculation', '5', 'GridCalculation', '', 0, '', 0, 0, 0, 1, 0, 0, 0, 0, 0, 0, '', '-3', 'master_calculations', 'ID', 'Label', '', '', '', '', 0, '', 0, '', 0, '', 0, 0, '', 0, '', '', 21, 0, 'GridCalculation', 0, 0, 0, 0, '', '', '', '', 0, 0),
(108, 2, 'Total', '1', 'Total', '', 0, '', 0, 0, 0, 1, 0, 0, 0, 0, 0, 0, 'HTotal', '', '', '', '', '', '', '', '', 0, '', 0, '', 0, '', 0, 0, '', 0, '', '', 10, 0, '', 0, 0, 0, 0, '', '', '', '', 0, 0),
(109, 4, 'ShowTextBoxInGrid', '1', 'ShowTextBoxInGrid', '', 0, '', 0, 0, 0, 1, 0, 0, 0, 0, 0, 0, '', '', '', '', '', '', '', '', '', 0, '', 0, '', 0, '', 0, 0, '', 0, '', '', 32, 0, '', 0, 0, 0, 0, '', '', '', '', 0, 0),
(110, 2, 'Meter', '1', 'Meter', '', 0, '', 0, 0, 0, 1, 0, 0, 0, 0, 0, 0, 'Meter', '', '', '', '', '', '', '', '', 0, '', 0, '', 0, '', 0, 0, '', 0, '', '', 11, 0, '', 0, 0, 0, 0, '', '', '', '', 0, 0),
(111, 2, 'Lumps', '1', 'Lumps', '', 0, '', 0, 0, 0, 0, 0, 0, 0, 0, 0, 0, 'Lumps', '', '', '', '', '', '', '', '', 0, '', 0, '', 0, '', 0, 0, '', 0, '', '', 12, 0, '', 0, 0, 0, 0, '', '', '', '', 0, 0),
(112, 10, 'ProjectId', '5', 'Project', '', 1, '', 3, 3, 3, 1, 0, 0, 0, 0, 0, 0, '', '-1', 'Projects', 'ID', 'ProjectName', '', '', '', '', 0, '', 0, '', 0, '', 0, 0, '', 0, '', '', 1, 1, 'Project', 0, 0, 0, 0, '', '', '', '', 0, 0),
(113, 10, 'TaskName', '1', 'Task Name', '', 1, '', 3, 3, 3, 1, 0, 0, 0, 0, 0, 0, '', '', '', '', '', '', '', '', '', 0, '', 0, '', 0, '', 0, 0, '', 1, 'response{ FormName } url { https://krdemo.kreonsolutions.in/checkDuplicateData.php}', '', 2, 2, 'Task Name', 0, 0, 0, 0, '', '', '', '', 0, 0),
(114, 10, 'TaskDescription', '3', 'Task Description', '', 1, '', 0, 0, 0, 1, 0, 0, 0, 2, 0, 0, '', '', '', '', '', '', '', '', '', 0, '', 0, '', 0, '', 0, 0, '', 0, '', '', 5, 0, '', 0, 0, 0, 0, '', '', '', '', 0, 0),
(115, 10, 'Priority', '5', 'Priority', '', 1, '', 2, 2, 2, 1, 0, 0, 0, 0, 0, 0, '', '-2', 'master_priority', 'ID', 'Label', '', '', '', '', 0, '', 0, '', 0, '', 0, 0, '', 0, '', '', 3, 3, 'Priority', 0, 0, 0, 0, '', '', '', '', 0, 0),
(116, 10, '', '14', '', '', 0, '', 0, 0, 0, 1, 0, 0, 0, 0, 0, 0, '', '', '', '', '', '', '', '', '', 0, '', 0, '', 0, '', 0, 0, '', 0, '', '', 10, 0, '', 0, 0, 0, 2, 'map_project_tasks', 'ProjectId', '', '', 0, 0),
(117, 4, 'TextareaHeight', '7', 'Textarea Height', '', 0, '', 0, 0, 0, 1, 0, 0, 0, 0, 0, 0, '', '', '', '', '', '', '', '', '', 0, '', 0, '', 0, '', 0, 0, '', 0, '', '', 33, 0, 'Textarea Height', 0, 0, 0, 0, '', '', '', '', 0, 0),
(118, 4, 'DynamicFreeFill', '5', 'Dynamic Free Fill', '', 0, '', 0, 0, 0, 1, 0, 0, 0, 0, 0, 0, '', '-3', 'master_yesno', 'ID', 'Label', '', '', '', '', 0, '', 0, '', 0, '', 0, 0, '', 0, '', '', 34, 0, '', 0, 0, 0, 0, '', '', '', '', 0, 0),
(119, 4, 'OnDynamicFreeFill', '3', 'On Dynamic Free Fill', '', 0, '', 0, 0, 0, 1, 0, 0, 0, 0, 0, 0, '', '', '', '', '', '', '', '', '', 0, '', 0, '', 0, '', 0, 0, '', 0, '', '', 35, 0, '', 0, 0, 0, 0, '', '', '', '', 0, 0),
(122, 3, 'SaveAddMore', '1', 'Save & Add More', '', 0, '', 0, 0, 0, 1, 0, 0, 0, 0, 0, 0, '', '', '', '', '', '', '', '', '', 0, '', 0, '', 0, '', 0, 0, '', 0, '', '', 12, 0, 'Save & Add More', 0, 0, 0, 0, '', '', '', '', 0, 0),
(123, 3, 'SaveAndPreview', '1', 'Save & Preview', '', 0, '', 0, 0, 0, 1, 0, 0, 0, 0, 0, 0, '', '', '', '', '', '', '', '', '', 0, '', 0, '', 0, '', 0, 0, '', 0, '', '', 13, 0, 'Save & Preview', 0, 0, 0, 0, '', '', '', '', 0, 0),
(124, 10, 'TaskGivenBy', '1', 'TaskGivenBy', '', 1, '', 0, 0, 0, 1, 0, 0, 0, 0, 0, 0, '', '', '', '', '', '', '', '', '', 0, '', 0, '', 0, '', 0, 0, '', 1, 'response{ProjectId | TaskName | TaskGivenBy } url { https://krdemo.kreonsolutions.in/checkDuplicateData.php}', '', 4, 4, 'TaskGivenBy', 0, 0, 0, 0, '', '', '', '', 0, 0),
(125, 4, 'AddMaster', '5', 'Add Master', '', 0, '', 0, 0, 0, 1, 0, 0, 0, 0, 0, 0, '', '-4', 'kmainforms', 'FormId', 'FormName', '', '', '', '', 0, '', 0, '', 0, '', 0, 0, '', 0, '', '', 36, 0, 'AddMaster', 0, 0, 0, 0, '', '', '', '', 0, 0),
(127, 11, 'Name', '1', 'Name', '', 1, '', 0, 0, 0, 1, 0, 0, 0, 0, 0, 0, '', '', '', '', '', '', '', '', '', 0, '', 0, '', 0, '', 0, 0, '', 0, '', '', 1, 1, 'Party', 0, 0, 0, 0, '', '', '', '', 0, 0),
(128, 11, 'Description', '3', 'Description', '', 0, '', 0, 0, 0, 1, 0, 0, 0, 0, 0, 0, '', '', '', '', '', '', '', '', '', 0, '', 0, '', 0, '', 0, 0, '', 0, '', '', 2, 0, '', 0, 0, 0, 0, '', '', '', '', 0, 0),
(129, 12, 'Name', '1', 'Name', '', 1, '', 0, 0, 0, 1, 0, 0, 0, 0, 0, 0, '', '', '', '', '', '', '', '', '', 0, '', 0, '', 0, '', 0, 0, '', 0, '', '', 1, 0, '', 0, 0, 0, 0, '', '', '', '', 0, 0),
(130, 12, 'PartyID', '5', 'Sender', '', 0, '', 0, 0, 0, 1, 0, 0, 0, 0, 0, 0, '', '-4', 'master_party', 'ID', 'Name', '', '', '', '', 0, '', 0, '', 0, '', 0, 0, '', 0, '', '', 2, 0, '', 0, 0, 0, 0, '', '', '', '', 0, 0),
(131, 6, 'AddMaster', '5', 'Add Master', '', 0, '', 0, 0, 0, 1, 0, 0, 0, 0, 0, 0, '', '-4', 'kmainforms', 'FormId', 'FormName', '', '', '', '', 0, '', 0, '', 0, '', 0, 0, '', 0, '', '', 22, 0, 'AddMaster', 0, 0, 0, 0, '', '', '', '', 0, 0),
(132, 13, 'Name', '1', 'Name', '', 1, '', 0, 0, 0, 1, 0, 0, 0, 0, 0, 0, '', '', '', '', '', '', '', '', '', 0, '', 0, '', 0, '', 0, 0, '', 0, '', '', 1, 0, '', 0, 0, 0, 0, '', '', '', '', 0, 0),
(133, 13, 'HSN', '1', 'HSN', '', 1, '', 0, 0, 0, 1, 0, 0, 0, 0, 0, 0, '', '', '', '', '', '', '', '', '', 0, '', 0, '', 0, '', 0, 0, '', 0, '', '', 2, 0, '', 0, 0, 0, 0, '', '', '', '', 0, 0),
(136, 4, 'DropDownYesNo', '5', 'DropDownYesNo', '', 0, '', 0, 0, 0, 1, 0, 0, 0, 0, 0, 0, '', '-5', 'master_yesno', 'ID', 'label', '', '', '', '', 0, '', 0, '', 0, '', 0, 0, '', 0, '', '', 37, 0, 'OnDropDownYesNo', 0, 0, 0, 0, '', '', '', '', 0, 0),
(137, 4, 'OnDropDownYesNo', '3', 'OnDropDownYesNo', '', 0, '', 0, 0, 0, 1, 0, 0, 0, 0, 0, 0, '', '', '', '', '', '', '', '', '', 0, '', 0, '', 0, '', 0, 0, '', 0, '', '', 38, 0, 'DropDownYesNo', 0, 0, 0, 0, '', '', '', '', 0, 0),
(138, 14, 'Fld1', '1', 'Textbox', '', 1, '', 0, 0, 0, 1, 0, 0, 0, 0, 0, 0, '', '', '', '', '', '', '', '', '', 0, '', 0, '', 0, '', 0, 0, '', 0, '', '', 1, 1, 'Textbox', 0, 0, 0, 0, '', '', '', '', 0, 0),
(139, 14, 'Fld3', '3', 'Textarea', '', 1, '', 0, 0, 0, 1, 0, 0, 0, 0, 0, 0, '', '', '', '', '', '', '', '', '', 0, '', 0, '', 0, '', 0, 0, '', 0, '', '', 7, 2, 'Textarea', 0, 0, 0, 0, '', '', '', '', 0, 0),
(140, 14, 'Fld4', '4', 'Radio Button', '', 0, '', 0, 0, 0, 1, 0, 0, 0, 0, 0, 0, '', '-1', 'master_yesno', 'ID', 'label', '', '', '', '', 0, '', 0, '', 0, '', 0, 0, '', 0, '', '', 8, 0, '', 0, 0, 0, 0, '', '', '', '', 0, 0),
(141, 14, 'Fld5', '5', 'Select From DB', '', 0, '', 0, 0, 0, 1, 0, 0, 0, 0, 0, 0, '', '-2', 'test_data', 'ID', 'Label', '', '', '', '', 2, '', 0, '', 2, '', 0, 2, '', 2, '', 'Response{ID | Label } DB { test_data}', 6, 0, '', 0, 0, 0, 0, '', '', '', '', 0, 0),
(142, 14, 'Fld6', '6', 'Date', '', 0, '', 0, 0, 0, 1, 0, 0, 0, 0, 0, 0, '', '', '', '', '', '', '', '', '', 0, '', 0, '', 0, '', 0, 0, '', 0, '', '', 2, 0, '', 0, 0, 0, 0, '', '', '', '', 0, 0),
(143, 14, 'Fld7', '7', 'Number', '', 0, '', 0, 0, 0, 1, 0, 0, 0, 0, 0, 0, '', '', '', '', '', '', '', '', '', 0, '', 0, '', 0, '', 0, 0, '', 0, '', '', 3, 0, '', 0, 0, 0, 0, '', '', '', '', 0, 0),
(144, 14, 'Fld8', '8', 'Email', '', 0, '', 0, 0, 0, 1, 0, 0, 0, 0, 0, 0, '', '', '', '', '', '', '', '', '', 0, '', 0, '', 0, '', 0, 0, '', 0, '', '', 4, 0, '', 0, 0, 0, 0, '', '', '', '', 0, 0),
(145, 14, 'Fld9', '9', 'Checkbox From DB', '', 0, '', 0, 0, 0, 1, 0, 0, 0, 0, 0, 0, '', '-3', 'master_quality', 'ID', 'Name', '', 'map_test_quality', 'Fld9', 'QualityID', 0, '', 0, '', 0, '', 0, 0, '', 0, '', '', 10, 0, '', 0, 0, 0, 0, '', '', '', '', 0, 0),
(149, 15, 'ReportName', '1', 'Report Name', '', 1, '', 0, 0, 0, 1, 0, 0, 0, 0, 0, 0, '', '', '', '', '', '', '', '', '', 0, '', 0, '', 0, '', 0, 0, '', 0, '', '', 1, 1, 'Report Name', 0, 0, 0, 0, '', '', '', '', 0, 0),
(150, 15, 'ReportTitle', '1', 'Report Title', '', 1, '', 0, 0, 0, 1, 0, 0, 0, 0, 0, 0, '', '', '', '', '', '', '', '', '', 0, '', 0, '', 0, '', 0, 0, '', 0, '', '', 2, 2, 'Report Title', 0, 0, 0, 0, '', '', '', '', 0, 0),
(151, 15, 'ViewName', '1', 'View Name', '', 1, '', 0, 0, 0, 1, 0, 0, 0, 0, 0, 0, '', '', '', '', '', '', '', '', '', 0, '', 0, '', 0, '', 0, 0, '', 0, '', '', 3, 0, '', 0, 0, 0, 0, '', '', '', '', 0, 0),
(152, 15, 'ViewFilters', '7', 'View Filters', '', 0, '', 0, 0, 0, 1, 0, 0, 0, 0, 0, 0, '', '', '', '', '', '', '', '', '', 0, '', 0, '', 0, '', 0, 0, '', 0, '', '', 4, 3, 'ViewFilters', 0, 0, 0, 0, '', '', '', '', 0, 0),
(153, 15, 'ShowSerialNum', '7', 'ShowSerialNum', '', 0, '', 0, 0, 0, 1, 0, 0, 0, 0, 0, 0, '', '', '', '', '', '', '', '', '', 0, '', 0, '', 0, '', 0, 0, '', 0, '', '', 5, 4, 'ShowSerialNum', 0, 0, 0, 0, '', '', '', '', 0, 0),
(154, 16, 'ReportHeaderID', '5', 'ReportHeaderID', '', 0, '', 0, 0, 0, 1, 0, 0, 0, 0, 0, 0, '', '-1', 'kReportHeader', 'ID', 'ReportName', '', '', '', '', 0, '', 0, '', 0, '', 0, 0, '', 0, '', '', 1, 1, 'kReportHeader', 0, 0, 0, 0, '', '', '', '', 0, 0),
(155, 16, 'ViewFieldName', '1', 'ViewFieldName', '', 0, '', 0, 0, 0, 1, 0, 0, 0, 0, 0, 0, '', '', '', '', '', '', '', '', '', 0, '', 0, '', 0, '', 0, 0, '', 0, '', '', 2, 2, 'ViewFieldName', 0, 0, 0, 0, '', '', '', '', 0, 0),
(156, 16, 'DisplayName', '1', 'DisplayName', '', 0, '', 0, 0, 0, 1, 0, 0, 0, 0, 0, 0, '', '', '', '', '', '', '', '', '', 0, '', 0, '', 0, '', 0, 0, '', 0, '', '', 3, 0, '', 0, 0, 0, 0, '', '', '', '', 0, 0),
(157, 16, 'OrderNo', '7', 'OrderNo', '', 0, '', 0, 0, 0, 1, 0, 0, 0, 0, 0, 0, '', '', '', '', '', '', '', '', '', 0, '', 0, '', 0, '', 0, 0, '', 0, '', '', 4, 3, 'OrderNo', 0, 0, 0, 0, '', '', '', '', 0, 0),
(158, 16, 'ShowTotal', '7', 'ShowTotal', '', 0, '', 0, 0, 0, 1, 0, 0, 0, 0, 0, 0, '', '', '', '', '', '', '', '', '', 0, '', 0, '', 0, '', 0, 0, '', 0, '', '', 5, 0, '', 0, 0, 0, 0, '', '', '', '', 0, 0),
(159, 16, 'OtherConditions', '1', 'OtherConditions', '', 0, '', 0, 0, 0, 1, 0, 0, 0, 0, 0, 0, '', '', '', '', '', '', '', '', '', 0, '', 0, '', 0, '', 0, 0, '', 0, '', '', 6, 0, '', 0, 0, 0, 0, '', '', '', '', 0, 0),
(160, 17, 'ReportHeaderID', '5', 'ReportHeaderID', '', 1, '', 0, 0, 0, 1, 0, 0, 0, 0, 0, 0, '', '-1', 'kReportHeader', 'ID', 'ReportName', '', '', '', '', 0, '', 0, '', 0, '', 0, 0, '', 0, '', '', 1, 1, 'ReportHeaderID', 0, 0, 0, 0, '', '', '', '', 0, 0),
(161, 17, 'FilterLabel', '1', 'FilterLabel', '', 1, '', 0, 0, 0, 1, 0, 0, 0, 0, 0, 0, '', '', '', '', '', '', '', '', '', 0, '', 0, '', 0, '', 0, 0, '', 0, '', '', 2, 2, 'FilterLabel', 0, 0, 0, 0, '', '', '', '', 0, 0),
(162, 17, 'ViewFieldName', '1', 'ViewFieldName', '', 0, '', 0, 0, 0, 1, 0, 0, 0, 0, 0, 0, '', '', '', '', '', '', '', '', '', 0, '', 0, '', 0, '', 0, 0, '', 0, '', '', 3, 0, '', 0, 0, 0, 0, '', '', '', '', 0, 0),
(163, 17, 'ViewFieldID', '7', 'ViewFieldID', '', 0, '', 0, 0, 0, 1, 0, 0, 0, 0, 0, 0, '', '', '', '', '', '', '', '', '', 0, '', 0, '', 0, '', 0, 0, '', 0, '', '', 4, 0, '', 0, 0, 0, 0, '', '', '', '', 0, 0),
(164, 17, 'FilterType', '5', 'FilterType', '', 0, '', 0, 0, 0, 1, 0, 0, 0, 0, 0, 0, '', '-2', 'master_fieldtype', 'Value', 'label', '', '', '', '', 0, '', 0, '', 0, '', 0, 0, '', 0, '', '', 5, 3, 'FilterType', 0, 0, 0, 0, '', '', '', '', 0, 0),
(165, 17, 'OtherConditions', '1', 'OtherConditions', '', 0, '', 0, 0, 0, 1, 0, 0, 0, 0, 0, 0, '', '', '', '', '', '', '', '', '', 0, '', 0, '', 0, '', 0, 0, '', 0, '', '', 6, 0, '', 0, 0, 0, 0, '', '', '', '', 0, 0),
(166, 16, 'Alignment', '5', 'Alignment', '', 0, '', 0, 0, 0, 1, 0, 0, 0, 0, 0, 0, '', '-4', 'MasterAlignment', 'ID', 'Name', '', '', '', '', 0, '', 0, '', 0, '', 0, 0, '', 0, '', '', 7, 0, '', 0, 0, 0, 0, '', '', '', '', 0, 0),
(167, 17, 'FieldSizeSM', '7', 'Field Size Small Device', '', 0, '', 0, 0, 0, 1, 0, 0, 0, 0, 0, 0, '', '', '', '', '', '', '', '', '', 0, '', 0, '', 0, '', 0, 0, '', 0, '', '', 7, 0, '', 0, 0, 0, 0, '', '', '', '', 0, 0),
(168, 17, 'FieldSizeMD', '7', 'Field Size Medium Device', '', 0, '', 0, 0, 0, 1, 0, 0, 0, 0, 0, 0, '', '', '', '', '', '', '', '', '', 0, '', 0, '', 0, '', 0, 0, '', 0, '', '', 8, 0, '', 0, 0, 0, 0, '', '', '', '', 0, 0),
(169, 17, 'FieldSizeXS', '7', 'Field Size Extra Small Device', '', 0, '', 0, 0, 0, 1, 0, 0, 0, 0, 0, 0, '', '', '', '', '', '', '', '', '', 0, '', 0, '', 0, '', 0, 0, '', 0, '', '', 9, 0, '', 0, 0, 0, 0, '', '', '', '', 0, 0),
(170, 14, 'Fld11', '11', 'Multi Select Search From DB', '', 0, '', 0, 0, 0, 1, 0, 0, 0, 0, 0, 0, '', '-4', 'test_data', 'ID', 'Label', '', 'map_test_broker', 'Fld11', 'BrokerID', 0, '', 0, '', 0, '', 0, 1, 'response{ID | Name } url { https://krdemo.kreonsolutions.in/getSender.php}', 0, '', 'Response{ID | Label } DB { test_data}', 6, 0, '', 0, 0, 0, 0, '', '', '', '', 0, 0),
(171, 14, 'Fld12', '12', 'Single Media Upload', 'IMAGEPATH=\"img/\"', 0, '', 0, 0, 0, 1, 0, 0, 0, 0, 0, 0, '', '-5', 'kmainmedia', 'MediaID', 'MediaName', '', '', '', '', 0, '', 0, '', 0, '', 0, 0, '', 0, '', '', 9, 0, '', 0, 0, 0, 0, '', '', '', '', 0, 0),
(172, 14, 'Fld13', '13', 'Multiple Media Upload', 'IMAGEPATH=\\\"img/\\\"', 0, '', 0, 0, 0, 1, 0, 0, 0, 0, 0, 0, '', '-6', 'kmainmedia', 'MediaID', 'MediaName', '', 'map_test_multiple_media', 'Fld13', 'MediaID', 0, '', 0, '', 0, '', 0, 0, '', 0, '', '', 11, 0, '', 0, 0, 0, 0, '', '', '', '', 0, 0),
(173, 14, '', '14', '', '', 0, '', 0, 0, 0, 1, 0, 0, 0, 0, 0, 0, '', '', '', '', '', '', '', '', '', 0, '', 0, '', 0, '', 0, 0, '', 0, '', '', 20, 0, '', 0, 0, 0, 1, 'map_purchaseinward_products', 'PurchaseInwardID', '', '', 0, 0),
(176, 4, 'OnLostFocusYesNo', '5', 'OnLostFocusYesNo', '', 0, '', 0, 0, 0, 1, 0, 0, 0, 0, 0, 0, '', '-6', 'master_yesno', 'ID', 'Label', '', '', '', '', 0, '', 0, '', 0, '', 0, 0, '', 0, '', '', 39, 0, '', 0, 0, 0, 0, '', '', '', '', 0, 0),
(177, 4, 'OnLostFocus', '3', 'OnLostFocus', '', 0, '', 0, 0, 0, 1, 0, 0, 0, 0, 0, 0, '', '', '', '', '', '', '', '', '', 0, '', 0, '', 0, '', 0, 0, '', 0, '', '', 40, 0, '', 0, 0, 0, 0, '', '', '', '', 0, 0),
(178, 4, 'OnDropDownAjax', '3', 'OnDropDownAjax (Response{ID | Label <| others>} DB{table or view name})', '', 0, '', 0, 0, 0, 1, 0, 0, 0, 0, 0, 0, '', '', '', '', '', '', '', '', '', 0, '', 0, '', 0, '', 0, 0, '', 0, '', '', 41, 0, '', 0, 0, 0, 0, '', '', '', '', 0, 0),
(179, 14, 'Fld5_2', '5', 'Select From DB 2', '', 0, '', 0, 0, 0, 1, 0, 0, 0, 0, 0, 0, '', '-7', 'test_data_data', 'ID', 'Label', '', '', '', '', 0, '', 0, '', 0, '', 0, 0, '', 0, '', 'Response{ID | Label } DB { test_data_data}', 13, 0, '', 0, 0, 0, 0, '', '', '', '', 0, 0),
(180, 14, 'Fld15', '15', 'Toggle Switch', '', 0, '', 0, 0, 0, 1, 0, 0, 0, 0, 0, 0, '', '', '', '', '', '', '', '', '', 0, '', 0, '', 0, '', 0, 0, '', 0, '', '', 14, 0, '', 0, 0, 0, 0, '', '', '', '', 0, 0);

-- --------------------------------------------------------

--
-- Table structure for table `kmainforms`
--

CREATE TABLE `kmainforms` (
  `FormId` int(11) NOT NULL,
  `FormName` varchar(200) NOT NULL,
  `FormTitle` varchar(200) NOT NULL,
  `TableName` varchar(200) NOT NULL,
  `TablePrimaryKey` varchar(200) NOT NULL,
  `TableCondition` varchar(300) NOT NULL,
  `ViewSerialNo` tinyint(1) NOT NULL DEFAULT '0',
  `ViewEditBtn` tinyint(1) NOT NULL DEFAULT '0',
  `ViewDeleteBtn` tinyint(1) NOT NULL DEFAULT '0',
  `ViewOtherBtn` tinyint(1) NOT NULL DEFAULT '0',
  `OtherBtnIcon` varchar(200) NOT NULL,
  `OtherBtnLink` varchar(200) NOT NULL,
  `SaveAddMore` tinyint(4) NOT NULL,
  `SaveAndPreview` tinyint(4) NOT NULL
) ENGINE=InnoDB DEFAULT CHARSET=latin1;

--
-- Dumping data for table `kmainforms`
--

INSERT INTO `kmainforms` (`FormId`, `FormName`, `FormTitle`, `TableName`, `TablePrimaryKey`, `TableCondition`, `ViewSerialNo`, `ViewEditBtn`, `ViewDeleteBtn`, `ViewOtherBtn`, `OtherBtnIcon`, `OtherBtnLink`, `SaveAddMore`, `SaveAndPreview`) VALUES
(1, 'Users', 'Users', 'users', 'ID', '', 1, 1, 1, 0, '', '', 0, 0),
(2, 'Purchase Inward', 'Purchase Inward', 'purchaseinward', 'ID', '', 1, 1, 0, 0, '', '', 1, 0),
(3, 'kmainforms', 'kmainforms', 'kmainforms', 'FormId', '', 1, 1, 0, 0, '', '', 0, 0),
(4, 'kmainfields', 'kmainfields', 'kmainfields', 'main_id', '', 1, 1, 0, 0, '0', '', 0, 0),
(5, 'kmaingrid', 'kmaingrid', 'kmaingrid', 'GridId', '', 1, 1, 0, 0, '0', '', 0, 0),
(6, 'kgridfields', 'kgridfields', 'kgridfields', 'GridFieldId', '', 1, 1, 0, 0, '0', '', 0, 0),
(7, 'Sales Challan', 'Sales Challan', 'sales_challan', 'ID', '', 1, 1, 0, 0, '', '', 0, 0),
(8, 'User Page Access', 'User Page Access', 'kpageaccess', 'ID', '', 1, 1, 0, 0, '', '', 0, 0),
(9, 'contacts', 'Contacts', 'contacts', 'id', '', 1, 1, 0, 0, '', '', 1, 0),
(10, 'Task', 'Task', 'Tasks', 'ID', '', 1, 1, 0, 0, '', '', 1, 1),
(11, 'MasterParty', 'Master Party', 'master_party', 'ID', '', 13, 1, 1, 0, '', '', 1, 0),
(12, 'MasterBroker', 'Master Broker', 'master_broker', 'ID', '', 14, 1, 1, 0, '', '', 1, 0),
(13, 'MasterQuality', 'Master Quality', 'master_quality', 'ID', '', 15, 11, 0, 0, '', '', 1, 0),
(14, 'Test Form', 'Test Form', 'testtable', 'ID', '', 15, 1, 1, 0, '', '', 1, 1),
(15, 'kReportHeader', 'Kreport Header', 'kReportHeader', 'ID', '', 16, 1, 1, 0, '', '', 1, 0),
(16, 'kReportFields', 'kReportFields', 'kReportFields', 'ID', '', 16, 1, 1, 0, '', '', 1, 0),
(17, 'kReportFilters', 'kReportHeader', 'kReportFilters', 'ID', '', 17, 1, 1, 0, '', '', 1, 0);

-- --------------------------------------------------------

--
-- Table structure for table `kmaingrid`
--

CREATE TABLE `kmaingrid` (
  `GridId` int(11) NOT NULL,
  `GridName` varchar(200) NOT NULL,
  `GridTitle` varchar(200) NOT NULL,
  `TableName` varchar(200) NOT NULL,
  `TablePrimaryKey` varchar(200) NOT NULL,
  `TableCondition` varchar(200) NOT NULL,
  `TableUnique` varchar(200) NOT NULL,
  `GridCalculation` int(11) NOT NULL
) ENGINE=InnoDB DEFAULT CHARSET=latin1;

--
-- Dumping data for table `kmaingrid`
--

INSERT INTO `kmaingrid` (`GridId`, `GridName`, `GridTitle`, `TableName`, `TablePrimaryKey`, `TableCondition`, `TableUnique`, `GridCalculation`) VALUES
(1, 'Purchase Inward Products', 'Purchase Inward Products', 'map_purchaseinward_products', 'PurchaseInwardID', '', 'ID', 1),
(2, 'Project Task', 'Project Task', 'map_project_tasks', 'TaskId', '', 'ID', 2);

-- --------------------------------------------------------

--
-- Table structure for table `kmainmedia`
--

CREATE TABLE `kmainmedia` (
  `MediaID` int(11) NOT NULL,
  `MediaName` varchar(200) NOT NULL,
  `MediaType` varchar(50) NOT NULL,
  `MediaFolder` varchar(200) NOT NULL,
  `created_on` timestamp NOT NULL DEFAULT CURRENT_TIMESTAMP ON UPDATE CURRENT_TIMESTAMP,
  `CreatedBy` int(11) NOT NULL
) ENGINE=InnoDB DEFAULT CHARSET=latin1;

--
-- Dumping data for table `kmainmedia`
--

INSERT INTO `kmainmedia` (`MediaID`, `MediaName`, `MediaType`, `MediaFolder`, `created_on`, `CreatedBy`) VALUES
(1, 'test.jpg', 'jpg', 'img/', '2024-02-26 17:25:50', 0),
(2, 'test1.jpg', 'jpg', 'img/', '2024-02-26 17:44:15', 0),
(3, 'test (1).jpg', 'jpg', 'img/', '2024-02-26 17:44:15', 0),
(4, 'test1 (1).jpg', 'jpg', 'img/', '2024-02-26 17:44:47', 0),
(5, 'test (2).jpg', 'jpg', 'img/', '2024-02-26 17:44:47', 0),
(6, 'test1 (2).jpg', 'jpg', 'img/', '2024-02-26 17:45:37', 0),
(7, 'test (3).jpg', 'jpg', 'img/', '2024-02-26 17:45:37', 0),
(8, 'test (4).jpg', 'jpg', 'img/', '2024-03-05 13:02:48', 0),
(9, 'test1 (3).jpg', 'jpg', 'img/', '2024-03-05 13:02:48', 0),
(10, 'test (5).jpg', 'jpg', 'img/', '2024-03-05 13:02:48', 0);

-- --------------------------------------------------------

--
-- Table structure for table `kpageaccess`
--

CREATE TABLE `kpageaccess` (
  `ID` int(11) NOT NULL,
  `parentMenu` int(11) NOT NULL COMMENT 'if the parent is a number then it will be considered as child. If parent = 0 then normal, ifparent = -1 then PARENT.',
  `displayname` varchar(200) NOT NULL,
  `filename` varchar(200) NOT NULL,
  `FormId` int(11) NOT NULL,
  `FaIcon` varchar(200) NOT NULL,
  `PageOrder` int(11) NOT NULL,
  `AddBtn` tinyint(1) NOT NULL,
  `EditBtn` tinyint(1) NOT NULL,
  `ListView` tinyint(1) NOT NULL,
  `DeleteBtn` tinyint(1) NOT NULL,
  `OtherBtn` tinyint(1) NOT NULL,
  `CreatedAt` timestamp NOT NULL DEFAULT CURRENT_TIMESTAMP,
  `CreatedBy` int(11) NOT NULL,
  `UpdatedAt` timestamp NOT NULL DEFAULT CURRENT_TIMESTAMP ON UPDATE CURRENT_TIMESTAMP,
  `UpdatedBy` int(11) NOT NULL,
  `isArchived` int(11) NOT NULL
) ENGINE=InnoDB DEFAULT CHARSET=latin1;

--
-- Dumping data for table `kpageaccess`
--

INSERT INTO `kpageaccess` (`ID`, `parentMenu`, `displayname`, `filename`, `FormId`, `FaIcon`, `PageOrder`, `AddBtn`, `EditBtn`, `ListView`, `DeleteBtn`, `OtherBtn`, `CreatedAt`, `CreatedBy`, `UpdatedAt`, `UpdatedBy`, `isArchived`) VALUES
(1, 16, 'User Master', 'list-data.php?view=1&form=1', 1, 'fa fa-users', 8, 0, 0, 0, 0, 0, '2023-11-07 13:50:22', 0, '2024-02-17 05:49:35', 0, 0),
(2, 15, 'Kmain Form', 'list-data.php?view=1&form=3', 3, 'fa fa-file', 1, 1, 1, 1, 0, 0, '2023-12-22 08:23:56', 0, '2024-02-17 05:43:26', 0, 0),
(3, 15, 'Kmain Form Fields', 'list-data.php?view=1&form=4', 4, 'fa fa-file', 2, 1, 1, 1, 0, 0, '2023-12-22 08:24:43', 0, '2024-02-17 05:45:44', 0, 0),
(4, 15, 'Kmain Grid', 'list-data.php?view=1&form=5', 5, 'fa fa-cubes', 3, 1, 1, 1, 0, 0, '2023-12-22 08:24:43', 0, '2024-02-17 05:45:59', 0, 0),
(5, 15, 'Kmain Grid Fields', 'list-data.php?view=1&form=6', 6, 'fa fa-cubes', 4, 1, 1, 1, 0, 0, '2023-12-22 08:24:43', 0, '2024-02-17 05:45:26', 0, 0),
(6, 15, 'Add Menu Pages', 'list-data.php?view=1&form=8', 8, 'fa fa-cubes', 5, 1, 1, 1, 0, 0, '2023-12-22 08:24:43', 0, '2024-02-17 05:46:23', 0, 0),
(7, 16, 'Roles Master', 'roles.php', 0, 'fa fa-users', 6, 1, 1, 1, 0, 0, '2023-12-22 08:24:43', 0, '2024-02-17 05:48:40', 0, 0),
(8, 16, 'Page Role Access', 'page-role-access.php', 0, 'fa fa-users', 7, 1, 1, 1, 0, 0, '2023-12-22 08:24:43', 0, '2024-02-17 05:48:18', 0, 0),
(9, 0, 'Purchase Inward', 'list-data.php?view=1&form=2', 1, 'fa fa-cubes', 9, 0, 0, 0, 0, 0, '2023-11-07 13:50:22', 0, '2023-12-22 08:30:20', 0, 0),
(10, 0, 'Sales', 'list-data.php?form=7&view=1', 7, 'fa fa-user', 7, 1, 1, 1, 0, 0, '2023-12-22 13:23:31', 0, '2023-12-22 13:23:31', 0, 0),
(11, 22, 'Contacts', 'list-data.php?form=9&view=1', 9, 'fa fa-phone', 10, 1, 1, 1, 1, 0, '2024-01-06 12:10:17', 0, '2024-03-08 11:36:20', 0, 0),
(12, 0, 'Tasks', 'list-data.php?form=10&view=1', 10, 'fa fa-tasks', 11, 1, 1, 1, 1, 0, '2024-02-03 07:53:18', 0, '2024-02-03 09:55:05', 0, 0),
(13, 0, 'Master', 'list-data.php?view=1', 0, '', 13, 0, 0, 0, 0, 0, '2024-02-16 12:13:27', 0, '2024-02-16 12:13:27', 0, 0),
(15, 0, 'Developer', '#', 0, '', 0, 1, 1, 1, 0, 0, '2024-02-17 05:42:51', 0, '2024-02-17 05:42:51', 0, 0),
(16, 0, 'Users', '#', 0, '', 0, 1, 0, 0, 0, 0, '2024-02-17 05:46:47', 0, '2024-02-17 05:46:55', 0, 0),
(17, 0, 'Test Form', 'list-data.php?view=1&form=14', 14, '', 15, 1, 1, 1, 0, 0, '2024-02-19 12:10:22', 0, '2024-02-19 12:12:02', 0, 0),
(18, 15, 'kReportHeader', 'list-data.php?view=1&form=15', 15, 'fa fa-file', 16, 1, 1, 1, 0, 0, '2024-02-20 17:09:55', 0, '2024-02-21 06:38:50', 0, 0),
(19, 15, 'kReport Fields', 'list-data.php?view=1&form=16', 16, 'fa fa-file', 17, 1, 1, 1, 0, 0, '2024-02-20 17:25:06', 0, '2024-02-21 06:38:54', 0, 0),
(20, 15, 'kReportFilters', 'list-data.php?view=1&form=17', 17, 'fa fa-file', 18, 1, 1, 1, 0, 0, '2024-02-20 17:41:44', 0, '2024-02-21 06:38:57', 0, 0),
(21, 0, 'Reports', 'report.php?view=1&ReportID=1', 0, 'fa fa-file', 19, 0, 0, 0, 0, 0, '2024-02-20 17:49:26', 0, '2024-02-23 05:44:56', 0, 0),
(22, 13, 'Sub Master', '#', 0, '', 0, 0, 0, 0, 0, 0, '2024-03-08 11:36:02', 0, '2024-03-08 11:36:02', 0, 0);

-- --------------------------------------------------------

--
-- Table structure for table `kReportFields`
--

CREATE TABLE `kReportFields` (
  `ID` int(11) NOT NULL,
  `ReportHeaderID` int(11) NOT NULL,
  `ViewFieldName` varchar(200) NOT NULL,
  `DisplayName` varchar(200) NOT NULL,
  `OrderNo` varchar(200) NOT NULL,
  `ShowTotal` float NOT NULL,
  `Alignment` int(11) NOT NULL DEFAULT '0',
  `OtherConditions` varchar(200) NOT NULL,
  `CreatedAt` timestamp NOT NULL DEFAULT CURRENT_TIMESTAMP,
  `CreatedBy` int(11) NOT NULL DEFAULT '0',
  `UpdatedAt` timestamp NOT NULL DEFAULT CURRENT_TIMESTAMP,
  `UpdatedBy` int(11) NOT NULL,
  `isArchived` int(11) NOT NULL DEFAULT '0'
) ENGINE=InnoDB DEFAULT CHARSET=latin1;

--
-- Dumping data for table `kReportFields`
--

INSERT INTO `kReportFields` (`ID`, `ReportHeaderID`, `ViewFieldName`, `DisplayName`, `OrderNo`, `ShowTotal`, `Alignment`, `OtherConditions`, `CreatedAt`, `CreatedBy`, `UpdatedAt`, `UpdatedBy`, `isArchived`) VALUES
(1, 1, 'Reg', 'Register', '1', 0, 0, '', '2024-02-20 12:16:00', 0, '2024-02-20 12:16:00', 0, 0),
(2, 1, 'PartyName', 'Party Name', '3', 0, 0, '', '2024-02-20 12:17:46', 0, '2024-02-20 12:17:46', 0, 0),
(3, 1, 'BrokerName', 'Broker Name', '2', 0, 0, '', '2024-02-20 12:17:46', 0, '2024-02-20 12:17:46', 0, 0),
(4, 1, 'Total', 'Total', '4', 1, 3, '', '2024-02-20 12:17:46', 0, '2024-02-20 12:17:46', 0, 0);

-- --------------------------------------------------------

--
-- Table structure for table `kReportFilters`
--

CREATE TABLE `kReportFilters` (
  `ID` int(11) NOT NULL,
  `ReportHeaderID` int(11) NOT NULL,
  `FilterLabel` varchar(200) NOT NULL,
  `ViewFieldName` varchar(200) NOT NULL,
  `ViewFieldID` varchar(200) NOT NULL,
  `FilterType` varchar(200) NOT NULL,
  `FieldSizeSM` int(11) NOT NULL DEFAULT '0',
  `FieldSizeMD` int(11) NOT NULL DEFAULT '0',
  `FieldSizeXS` int(11) NOT NULL DEFAULT '0',
  `OtherConditions` varchar(200) NOT NULL,
  `CreatedAt` timestamp NOT NULL DEFAULT CURRENT_TIMESTAMP,
  `CreatedBy` int(11) NOT NULL DEFAULT '0',
  `UpdatedAt` timestamp NOT NULL DEFAULT CURRENT_TIMESTAMP,
  `UpdatedBy` int(11) NOT NULL DEFAULT '0',
  `isArchived` int(11) NOT NULL DEFAULT '0'
) ENGINE=InnoDB DEFAULT CHARSET=latin1;

--
-- Dumping data for table `kReportFilters`
--

INSERT INTO `kReportFilters` (`ID`, `ReportHeaderID`, `FilterLabel`, `ViewFieldName`, `ViewFieldID`, `FilterType`, `FieldSizeSM`, `FieldSizeMD`, `FieldSizeXS`, `OtherConditions`, `CreatedAt`, `CreatedBy`, `UpdatedAt`, `UpdatedBy`, `isArchived`) VALUES
(1, 1, 'Challan Date', 'ChlDate', '0', '6', 0, 0, 0, '', '2024-02-20 12:17:09', 0, '2024-02-20 12:17:09', 0, 0),
(2, 1, 'Party Name', 'PartyName', 'Sender', '11', 0, 0, 0, '', '2024-02-21 01:59:25', 0, '2024-02-21 01:59:25', 0, 0),
(3, 1, 'Broker Name', 'BrokerName', 'Broker', '5', 0, 0, 0, '', '2024-02-21 01:59:25', 0, '2024-02-21 01:59:25', 0, 0);

-- --------------------------------------------------------

--
-- Table structure for table `kReportHeader`
--

CREATE TABLE `kReportHeader` (
  `ID` int(11) NOT NULL,
  `ReportName` varchar(200) NOT NULL,
  `ReportTitle` varchar(200) NOT NULL,
  `ViewName` varchar(200) NOT NULL,
  `ViewFilters` varchar(200) NOT NULL,
  `ShowSerialNum` varchar(200) NOT NULL,
  `CreatedAt` timestamp NOT NULL DEFAULT CURRENT_TIMESTAMP,
  `CreatedBy` int(11) NOT NULL DEFAULT '0',
  `UpdatedAt` timestamp NOT NULL DEFAULT CURRENT_TIMESTAMP,
  `UpdatedBy` int(11) NOT NULL DEFAULT '0',
  `isArchived` int(11) NOT NULL DEFAULT '0'
) ENGINE=InnoDB DEFAULT CHARSET=latin1;

--
-- Dumping data for table `kReportHeader`
--

INSERT INTO `kReportHeader` (`ID`, `ReportName`, `ReportTitle`, `ViewName`, `ViewFilters`, `ShowSerialNum`, `CreatedAt`, `CreatedBy`, `UpdatedAt`, `UpdatedBy`, `isArchived`) VALUES
(1, 'Purchase Inward', 'Purchase Inward', 'view_purchaseinward', '1', '1', '2024-02-20 17:44:48', 0, '2024-02-20 17:44:48', 0, 0);

-- --------------------------------------------------------

--
-- Table structure for table `map_project_tasks`
--

CREATE TABLE `map_project_tasks` (
  `ID` int(11) NOT NULL,
  `TaskId` int(11) NOT NULL,
  `Comment` varchar(500) NOT NULL,
  `Status` int(11) NOT NULL,
  `CommentBy` varchar(225) NOT NULL,
  `DateTime` timestamp NOT NULL DEFAULT CURRENT_TIMESTAMP ON UPDATE CURRENT_TIMESTAMP
) ENGINE=InnoDB DEFAULT CHARSET=latin1;

--
-- Dumping data for table `map_project_tasks`
--

INSERT INTO `map_project_tasks` (`ID`, `TaskId`, `Comment`, `Status`, `CommentBy`, `DateTime`) VALUES
(1, 1, 'Testing', 2, 'Pornima Khandekar', '2024-02-05 06:22:00'),
(2, 1, 'Developing new function', 1, 'Pornima Khandekar', '2024-02-05 08:23:00'),
(3, 1, 'Calculation Functionality', 2, 'Pornima Khandekar', '2024-02-05 10:23:00'),
(4, 1, 'Developing new function', 0, 'Pornima Khandekar', '2024-02-01 06:40:00'),
(5, 2, 'comment', 2, 'test', '2024-02-07 11:28:00'),
(6, 5, 'test', 2, 'test', '2024-02-07 15:22:00'),
(7, 6, 'test', 1, 'test', '2024-02-06 13:24:00'),
(8, 7, 'test', 1, 'test', '2024-02-03 13:25:00'),
(9, 9, 'test', 1, 'test', '2024-02-08 05:55:00'),
(10, 10, 'comment', 1, 'test', '0000-00-00 00:00:00'),
(11, 10, 'Comment1', 2, 'test', '0000-00-00 00:00:00'),
(12, 10, 'Comment2', 2, 'test', '0000-00-00 00:00:00'),
(13, 10, 'Comment3', 1, 'test', '0000-00-00 00:00:00'),
(14, 10, 'comment4', 1, 'test', '0000-00-00 00:00:00'),
(15, 10, 'commentt5', 2, 'test', '0000-00-00 00:00:00'),
(16, 15, 'comment', 1, 'test', '0000-00-00 00:00:00'),
(18, 15, 'Comment2', 1, 'test', '0000-00-00 00:00:00');

-- --------------------------------------------------------

--
-- Table structure for table `map_purchaseinward_party`
--

CREATE TABLE `map_purchaseinward_party` (
  `ID` int(11) NOT NULL,
  `PurchaseInwardID` int(11) NOT NULL,
  `PartyID` int(11) NOT NULL
) ENGINE=InnoDB DEFAULT CHARSET=latin1;

--
-- Dumping data for table `map_purchaseinward_party`
--

INSERT INTO `map_purchaseinward_party` (`ID`, `PurchaseInwardID`, `PartyID`) VALUES
(3, 1, 6),
(7, 15, 2),
(8, 16, 1);

-- --------------------------------------------------------

--
-- Table structure for table `map_purchaseinward_products`
--

CREATE TABLE `map_purchaseinward_products` (
  `ID` int(11) NOT NULL,
  `PurchaseInwardID` int(11) NOT NULL,
  `QualityName` varchar(2000) NOT NULL,
  `HSN` varchar(2000) NOT NULL,
  `BaleNo` varchar(2000) NOT NULL,
  `Lumps` float(12,2) NOT NULL,
  `Meter` float(12,2) NOT NULL,
  `Rate` float(12,2) NOT NULL,
  `Unit` varchar(2000) NOT NULL,
  `HTotal` float NOT NULL DEFAULT '0',
  `CreatedAt` timestamp NOT NULL DEFAULT CURRENT_TIMESTAMP ON UPDATE CURRENT_TIMESTAMP,
  `CreatedBy` int(11) NOT NULL
) ENGINE=InnoDB DEFAULT CHARSET=latin1;

--
-- Dumping data for table `map_purchaseinward_products`
--

INSERT INTO `map_purchaseinward_products` (`ID`, `PurchaseInwardID`, `QualityName`, `HSN`, `BaleNo`, `Lumps`, `Meter`, `Rate`, `Unit`, `HTotal`, `CreatedAt`, `CreatedBy`) VALUES
(1, 1, '1', '7845214', 'Test', 12.00, 2.00, 100.00, 'Rupees', 224, '2024-02-06 04:44:08', 0),
(2, 1, '2', '541254', 'Test', 14.00, 1.00, 100.00, 'Rupees', 114, '2024-02-05 13:40:38', 0),
(3, 2, '0', '', '', 0.00, 0.00, 0.00, '', 0, '2024-02-07 13:28:41', 0),
(4, 3, '0', '', '', 0.00, 0.00, 0.00, '', 0, '2024-02-09 08:41:47', 0),
(5, 8, '0', '', '', 0.00, 0.00, 0.00, '', 0, '2024-02-09 10:45:32', 0),
(6, 9, '0', '', '', 0.00, 0.00, 0.00, '', 0, '2024-02-09 10:48:33', 0),
(7, 10, '0', '', '', 0.00, 0.00, 0.00, '', 0, '2024-02-09 10:57:42', 0),
(8, 11, '0', '', '', 0.00, 0.00, 0.00, '', 0, '2024-02-09 10:59:58', 0),
(9, 12, '0', '', '', 0.00, 0.00, 0.00, '', 0, '2024-02-09 11:00:26', 0),
(10, 1, '0', '112233', 'Test', 34.00, 1.00, 200.00, 'Rupees', 234, '2024-02-27 05:35:36', 0),
(11, 13, '0', '', '', 0.00, 0.00, 0.00, '', 0, '2024-02-12 13:02:00', 0),
(12, 14, '11', '567899', 'Test', 40.00, 4000.00, 30.00, 'mtr', 280000, '2024-02-14 13:42:03', 0),
(13, 15, '0', '', '', 0.00, 0.00, 0.00, '', 0, '2024-02-19 06:16:04', 0),
(14, 16, '1', '7845214', 'Test', 40.00, 4300.00, 43.00, 'mtr', 356900, '2024-02-20 15:42:34', 0),
(15, 17, '6', '23478', 'Test', 60.00, 400.00, 12.00, 'mtr', 24000, '2024-02-21 13:47:40', 0),
(16, 7, '0', '', '', 0.00, 0.00, 0.00, '', 0, '2024-02-27 06:00:13', 0),
(17, 8, '0', '', '', 0.00, 0.00, 0.00, '', 0, '2024-02-27 06:26:12', 0),
(18, 9, '0', '', '', 0.00, 0.00, 0.00, '', 0, '2024-02-27 06:26:23', 0),
(19, 2, '0', '', '', 0.00, 0.00, 0.00, '', 0, '2024-02-28 09:26:56', 0),
(20, 3, '0', '', '', 0.00, 0.00, 0.00, '', 0, '2024-02-28 11:26:02', 0),
(21, 4, '0', '', '', 0.00, 0.00, 0.00, '', 0, '2024-02-28 11:26:33', 0),
(22, 5, '1', '7845214', 'Test', 12.00, 1.00, 100.00, '1', 112, '2024-03-05 13:02:48', 0);

-- --------------------------------------------------------

--
-- Table structure for table `map_test_broker`
--

CREATE TABLE `map_test_broker` (
  `ID` int(11) NOT NULL,
  `Fld11` int(11) NOT NULL,
  `BrokerID` int(11) NOT NULL
) ENGINE=InnoDB DEFAULT CHARSET=latin1;

--
-- Dumping data for table `map_test_broker`
--

INSERT INTO `map_test_broker` (`ID`, `Fld11`, `BrokerID`) VALUES
(42, 5, 4),
(46, 1, 347);

-- --------------------------------------------------------

--
-- Table structure for table `map_test_media`
--

CREATE TABLE `map_test_media` (
  `ID` int(11) NOT NULL,
  `TestID` int(11) NOT NULL,
  `FileName` varchar(500) NOT NULL
) ENGINE=InnoDB DEFAULT CHARSET=latin1;

-- --------------------------------------------------------

--
-- Table structure for table `map_test_multiple_media`
--

CREATE TABLE `map_test_multiple_media` (
  `ID` int(11) NOT NULL,
  `Fld13` int(11) NOT NULL,
  `MediaID` int(11) NOT NULL
) ENGINE=InnoDB DEFAULT CHARSET=latin1;

--
-- Dumping data for table `map_test_multiple_media`
--

INSERT INTO `map_test_multiple_media` (`ID`, `Fld13`, `MediaID`) VALUES
(1, 1, 6),
(2, 1, 7),
(3, 2, 0),
(4, 3, 0),
(5, 4, 0),
(6, 5, 0);

-- --------------------------------------------------------

--
-- Table structure for table `map_test_quality`
--

CREATE TABLE `map_test_quality` (
  `ID` int(11) NOT NULL,
  `Fld9` int(11) NOT NULL,
  `QualityID` int(11) NOT NULL
) ENGINE=InnoDB DEFAULT CHARSET=latin1;

--
-- Dumping data for table `map_test_quality`
--

INSERT INTO `map_test_quality` (`ID`, `Fld9`, `QualityID`) VALUES
(48, 5, 26),
(49, 5, 27),
(56, 1, 1),
(57, 1, 2);

-- --------------------------------------------------------

--
-- Table structure for table `MasterAlignment`
--

CREATE TABLE `MasterAlignment` (
  `ID` int(11) NOT NULL,
  `Name` varchar(20) NOT NULL,
  `CreatedAt` timestamp NOT NULL DEFAULT CURRENT_TIMESTAMP,
  `CreatedBy` int(11) NOT NULL DEFAULT '0',
  `UpdatedAt` timestamp NOT NULL DEFAULT CURRENT_TIMESTAMP,
  `UpdatedBy` int(11) NOT NULL,
  `isArchived` int(11) NOT NULL DEFAULT '0'
) ENGINE=InnoDB DEFAULT CHARSET=utf8mb4;

-- --------------------------------------------------------

--
-- Table structure for table `master_broker`
--

CREATE TABLE `master_broker` (
  `ID` int(11) NOT NULL,
  `Name` varchar(1000) NOT NULL,
  `PartyID` int(11) NOT NULL
) ENGINE=InnoDB DEFAULT CHARSET=latin1;

--
-- Dumping data for table `master_broker`
--

INSERT INTO `master_broker` (`ID`, `Name`, `PartyID`) VALUES
(1, 'John Dias', 1),
(2, 'Jitesh Jain', 1),
(3, 'Jatin Shah', 1),
(4, 'Hiten Mehta', 1),
(5, 'Jignesh Mehta', 2),
(6, 'Kavish Jain', 2),
(7, 'Rishabh Jain', 2),
(8, 'Kamlesh Jain', 2),
(9, 'Raunak Shah', 2),
(18, 'Bhavin Patel', 1),
(19, 'Bhavesh Patel', 2);

-- --------------------------------------------------------

--
-- Table structure for table `master_calculations`
--

CREATE TABLE `master_calculations` (
  `ID` int(11) NOT NULL,
  `Label` varchar(200) NOT NULL
) ENGINE=InnoDB DEFAULT CHARSET=latin1;

--
-- Dumping data for table `master_calculations`
--

INSERT INTO `master_calculations` (`ID`, `Label`) VALUES
(1, 'Sum'),
(2, 'Average'),
(3, 'Count');

-- --------------------------------------------------------

--
-- Table structure for table `master_fieldtype`
--

CREATE TABLE `master_fieldtype` (
  `ID` int(11) NOT NULL,
  `Label` varchar(200) NOT NULL,
  `Value` int(11) NOT NULL
) ENGINE=InnoDB DEFAULT CHARSET=latin1;

--
-- Dumping data for table `master_fieldtype`
--

INSERT INTO `master_fieldtype` (`ID`, `Label`, `Value`) VALUES
(1, '0 = Hidden', 0),
(2, '1 = Text Box', 1),
(3, '2 = Select DropDown', 2),
(4, '3 = Textarea', 3),
(5, '4 = Radio', 4),
(6, '5 = Select-from-DB', 5),
(7, '6 = Date', 6),
(8, '7 = Number', 7),
(9, '8 = Email', 8),
(10, '9 = Checkbox-From-DB', 9),
(11, '10 = MULTI-SELECT-from-DB', 10),
(12, '11 = MULTI SELECT SEARCH from DB WITH MAPPING TABLE', 11),
(13, '12 = Single Media Upload', 12),
(14, '13 = Multiple Media Upload', 13),
(15, '14 = For Grid', 14),
(16, '15 = Toggle Switch', 15);

-- --------------------------------------------------------

--
-- Table structure for table `master_party`
--

CREATE TABLE `master_party` (
  `ID` int(11) NOT NULL,
  `Name` varchar(1000) NOT NULL,
  `Description` varchar(500) NOT NULL
) ENGINE=InnoDB DEFAULT CHARSET=latin1;

--
-- Dumping data for table `master_party`
--

INSERT INTO `master_party` (`ID`, `Name`, `Description`) VALUES
(1, 'Kreon Solution', 'Kreon Solution'),
(2, 'Bharat Textile', 'Bharat Textile'),
(3, 'Vedvidhi', 'vedvidhi'),
(4, 'Test', 'Test'),
(5, 'test1', 'test1'),
(6, 'test3', 'test3'),
(7, 'Test4', 'Ttt'),
(8, 'Test5', 'ndbsjsdj'),
(9, 'test2', 'kjsnsd');

-- --------------------------------------------------------

--
-- Table structure for table `master_priority`
--

CREATE TABLE `master_priority` (
  `ID` int(11) NOT NULL,
  `Label` varchar(25) NOT NULL
) ENGINE=InnoDB DEFAULT CHARSET=latin1;

--
-- Dumping data for table `master_priority`
--

INSERT INTO `master_priority` (`ID`, `Label`) VALUES
(1, 'High'),
(2, 'Medium'),
(3, 'Low');

-- --------------------------------------------------------

--
-- Table structure for table `master_quality`
--

CREATE TABLE `master_quality` (
  `ID` int(11) NOT NULL,
  `Name` varchar(2000) NOT NULL,
  `HSN` varchar(500) NOT NULL,
  `CreatedAt` timestamp NOT NULL DEFAULT CURRENT_TIMESTAMP ON UPDATE CURRENT_TIMESTAMP,
  `CreateaBy` int(11) NOT NULL
) ENGINE=InnoDB DEFAULT CHARSET=latin1;

--
-- Dumping data for table `master_quality`
--

INSERT INTO `master_quality` (`ID`, `Name`, `HSN`, `CreatedAt`, `CreateaBy`) VALUES
(1, 'Quality 1', '7845214', '2023-12-20 16:26:39', 0),
(2, 'Quality 2', '541254', '2023-12-20 16:26:39', 0),
(3, 'Quality 3', '78421', '2023-12-20 16:26:39', 0),
(4, 'Quality 4', '5264125', '2023-12-20 16:33:22', 0),
(26, 'Q25', '34345', '2024-02-10 13:45:38', 0),
(27, 'Q26', '3243453', '2024-02-10 13:45:49', 0);

-- --------------------------------------------------------

--
-- Table structure for table `master_yesno`
--

CREATE TABLE `master_yesno` (
  `ID` int(11) NOT NULL,
  `label` varchar(255) NOT NULL
) ENGINE=InnoDB DEFAULT CHARSET=latin1;

--
-- Dumping data for table `master_yesno`
--

INSERT INTO `master_yesno` (`ID`, `label`) VALUES
(1, 'Yes'),
(2, 'No');

-- --------------------------------------------------------

--
-- Table structure for table `pageroleaccess`
--

CREATE TABLE `pageroleaccess` (
  `ID` int(11) NOT NULL,
  `RoleID` int(11) NOT NULL,
  `PageAccessID` int(11) NOT NULL,
  `AddBtn` tinyint(1) NOT NULL DEFAULT '0',
  `EditBtn` tinyint(1) NOT NULL DEFAULT '0',
  `ListView` tinyint(1) NOT NULL DEFAULT '0',
  `OtherBtn` tinyint(1) NOT NULL DEFAULT '0',
  `DeleteBtn` tinyint(1) NOT NULL DEFAULT '0'
) ENGINE=InnoDB DEFAULT CHARSET=latin1;

--
-- Dumping data for table `pageroleaccess`
--

INSERT INTO `pageroleaccess` (`ID`, `RoleID`, `PageAccessID`, `AddBtn`, `EditBtn`, `ListView`, `OtherBtn`, `DeleteBtn`) VALUES
(106, 4, 1, 1, 1, 1, 0, 0),
(107, 4, 2, 0, 0, 0, 0, 0),
(108, 4, 3, 0, 0, 0, 0, 0),
(109, 4, 4, 0, 0, 0, 0, 0),
(110, 4, 5, 0, 0, 0, 0, 0),
(111, 4, 6, 0, 0, 0, 0, 0),
(112, 4, 7, 0, 0, 0, 0, 0),
(113, 4, 8, 0, 0, 0, 0, 0),
(114, 4, 9, 0, 0, 0, 0, 0),
(115, 4, 10, 0, 0, 0, 0, 0),
(116, 4, 11, 0, 0, 0, 0, 0),
(117, 4, 12, 0, 0, 0, 0, 0),
(261, 1, 1, 1, 1, 1, 0, 0),
(262, 1, 2, 1, 1, 1, 0, 0),
(263, 1, 3, 1, 1, 1, 0, 0),
(264, 1, 4, 1, 1, 1, 0, 0),
(265, 1, 5, 1, 1, 1, 0, 0),
(266, 1, 6, 1, 1, 1, 0, 0),
(267, 1, 7, 1, 1, 1, 0, 0),
(268, 1, 8, 1, 1, 1, 0, 0),
(269, 1, 9, 1, 1, 1, 0, 0),
(270, 1, 10, 1, 1, 1, 0, 0),
(271, 1, 11, 1, 1, 1, 0, 0),
(272, 1, 12, 0, 0, 1, 0, 0),
(273, 1, 13, 1, 1, 1, 0, 0),
(274, 1, 15, 1, 0, 0, 0, 0),
(275, 1, 16, 1, 0, 0, 0, 0),
(276, 1, 17, 1, 1, 1, 0, 0),
(277, 1, 18, 1, 1, 1, 0, 0),
(278, 1, 19, 1, 1, 1, 0, 0),
(279, 1, 20, 1, 1, 1, 0, 0),
(280, 1, 21, 1, 1, 1, 0, 0);

-- --------------------------------------------------------

--
-- Table structure for table `pagerolemaster`
--

CREATE TABLE `pagerolemaster` (
  `RoleId` int(11) NOT NULL,
  `Label` varchar(200) NOT NULL,
  `isArchived` int(11) NOT NULL,
  `CreatedAt` timestamp NOT NULL DEFAULT CURRENT_TIMESTAMP,
  `CreatedBy` int(11) NOT NULL,
  `UpdatedAt` timestamp NOT NULL DEFAULT CURRENT_TIMESTAMP ON UPDATE CURRENT_TIMESTAMP,
  `UpdatedBy` int(11) NOT NULL
) ENGINE=InnoDB DEFAULT CHARSET=latin1;

--
-- Dumping data for table `pagerolemaster`
--

INSERT INTO `pagerolemaster` (`RoleId`, `Label`, `isArchived`, `CreatedAt`, `CreatedBy`, `UpdatedAt`, `UpdatedBy`) VALUES
(1, 'Admin', 0, '2023-12-20 10:38:16', 0, '2023-12-22 08:41:35', 0),
(4, 'Management', 0, '2024-02-07 10:08:14', 0, '2024-02-07 10:08:14', 0);

-- --------------------------------------------------------

--
-- Table structure for table `Projects`
--

CREATE TABLE `Projects` (
  `ID` int(11) NOT NULL,
  `ProjectName` varchar(255) NOT NULL,
  `Description` varchar(500) NOT NULL,
  `StartDate` date NOT NULL,
  `CreatedBy` int(11) NOT NULL DEFAULT '0',
  `CreatedAt` timestamp NOT NULL DEFAULT CURRENT_TIMESTAMP,
  `UpdatedBy` int(11) NOT NULL DEFAULT '0',
  `UpdatedAt` timestamp NOT NULL DEFAULT CURRENT_TIMESTAMP,
  `isArchived` int(11) NOT NULL
) ENGINE=InnoDB DEFAULT CHARSET=latin1;

--
-- Dumping data for table `Projects`
--

INSERT INTO `Projects` (`ID`, `ProjectName`, `Description`, `StartDate`, `CreatedBy`, `CreatedAt`, `UpdatedBy`, `UpdatedAt`, `isArchived`) VALUES
(19, 'CRM', 'Test', '2024-02-01', 0, '2024-02-03 08:24:14', 0, '2024-02-03 08:24:14', 0),
(20, 'ERP', 'Test project', '2024-02-06', 0, '2024-02-07 09:27:59', 0, '2024-02-07 09:27:59', 0);

-- --------------------------------------------------------

--
-- Table structure for table `purchaseinward`
--

CREATE TABLE `purchaseinward` (
  `ID` int(11) NOT NULL,
  `Reg` varchar(2000) NOT NULL,
  `EntryNo` varchar(2000) NOT NULL,
  `EntryDate` date NOT NULL,
  `ChlNo` varchar(2000) NOT NULL,
  `ChlDate` date NOT NULL,
  `TrspPay` varchar(2000) NOT NULL,
  `Sender` varchar(2000) NOT NULL,
  `Broker` varchar(2000) NOT NULL,
  `Remark` text NOT NULL,
  `Total` float NOT NULL,
  `Meter` float NOT NULL,
  `Lumps` varchar(50) NOT NULL,
  `CreatedAt` timestamp NOT NULL DEFAULT CURRENT_TIMESTAMP ON UPDATE CURRENT_TIMESTAMP,
  `CreatedBy` int(11) NOT NULL
) ENGINE=InnoDB DEFAULT CHARSET=latin1;

--
-- Dumping data for table `purchaseinward`
--

INSERT INTO `purchaseinward` (`ID`, `Reg`, `EntryNo`, `EntryDate`, `ChlNo`, `ChlDate`, `TrspPay`, `Sender`, `Broker`, `Remark`, `Total`, `Meter`, `Lumps`, `CreatedAt`, `CreatedBy`) VALUES
(1, 'GREY INWARD', 'test123', '2023-12-21', 'E-0000001', '2023-12-21', 'Testing', '1', '4', 'test', 572, 4, '60', '2024-02-27 12:53:13', 0),
(2, 'Reg222', '', '0000-00-00', 'E-0000002', '2024-02-12', '', '1', '1', '', 0, 0, '', '2024-02-22 17:56:48', 0),
(3, 's', '', '2023-01-09', 'E-0000003', '2024-02-14', 'Testing', '7', '18', 'testing', 0, 4000, '40', '2024-02-22 17:55:11', 0),
(4, 'test123', 'test123', '2024-02-19', 'E-0000004', '2024-02-19', '', '2', '2', 'test', 0, 0, '', '2024-02-22 17:55:52', 0),
(5, '22', '0', '2024-10-04', 'E-0000005', '2024-02-20', 's', '2', '2', 'ss', 0, 4300, '40', '2024-02-22 17:55:55', 0),
(6, 'test11', '', '0000-00-00', 'E-0000006', '2024-02-21', 'dfd', '7', '0', 'sgsd', 0, 400, '48', '2024-02-26 14:14:49', 0),
(7, '', '', '0000-00-00', 'E-0000007', '2024-02-27', '', '0', '0', '', 0, 0, '', '2024-02-27 06:00:13', 0),
(8, '', '', '0000-00-00', 'E-0000008', '2024-02-27', '', '0', '0', '', 0, 0, '', '2024-02-27 06:26:12', 0);

-- --------------------------------------------------------

--
-- Table structure for table `Tasks`
--

CREATE TABLE `Tasks` (
  `ID` int(11) NOT NULL,
  `ProjectId` int(11) NOT NULL,
  `TaskName` varchar(255) NOT NULL,
  `TaskGivenBy` varchar(250) NOT NULL,
  `TaskDescription` varchar(500) NOT NULL,
  `Priority` int(11) NOT NULL,
  `Grid` int(11) NOT NULL,
  `CreatedBy` int(11) NOT NULL DEFAULT '0',
  `CreatedAt` timestamp NOT NULL DEFAULT CURRENT_TIMESTAMP,
  `UpdatedBy` int(11) NOT NULL,
  `UpdatedAt` timestamp NOT NULL DEFAULT CURRENT_TIMESTAMP,
  `isArchived` int(11) NOT NULL
) ENGINE=InnoDB DEFAULT CHARSET=latin1;

--
-- Dumping data for table `Tasks`
--

INSERT INTO `Tasks` (`ID`, `ProjectId`, `TaskName`, `TaskGivenBy`, `TaskDescription`, `Priority`, `Grid`, `CreatedBy`, `CreatedAt`, `UpdatedBy`, `UpdatedAt`, `isArchived`) VALUES
(3, 20, 'Need Company & Division & Year option in Login ', 'Ritesh', 'Will need company , Division and year option in login after user name', 2, 0, 0, '2024-02-07 13:11:58', 0, '2024-02-07 13:11:58', 0),
(4, 20, 'User Rights on Basis of Ip Base', 'Ritesh', 'Will need users rights on ip locking', 2, 0, 0, '2024-02-07 13:13:41', 0, '2024-02-07 13:13:41', 0),
(8, 20, 'Devexpress report', 'Ritesh', 'Need to incorporate devexreps report grid report, pivot report , and devexpress printing report', 2, 0, 0, '2024-02-07 13:39:21', 0, '2024-02-07 13:39:21', 0),
(10, 20, 'Add a new Master from a Form', 'Mitesh', 'If a help or dropdown doesn\\\'t have a desired value, the user should have ability to create a new master by clicking on Add New button next to the field.', 2, 0, 0, '2024-02-08 05:56:08', 0, '2024-02-08 05:56:08', 0),
(12, 20, 'Menu', 'Shrikant', 'Parent form in menu is not working\\r\\n', 1, 0, 0, '2024-02-10 04:36:10', 0, '2024-02-10 04:36:10', 0),
(13, 20, 'Menu', 'Shrikant', 'Scroll bar design changes\\r\\n', 1, 0, 0, '2024-02-10 04:36:45', 0, '2024-02-10 04:36:45', 0),
(14, 20, 'Menu', 'Shrikant', 'Can we make same table for kmainforms and kpageaccess as both are represents for menus\\r\\n', 2, 0, 0, '2024-02-10 04:37:21', 0, '2024-02-10 04:37:21', 0),
(15, 19, 'test', 'test', 'lkkdflks', 1, 0, 0, '2024-03-06 05:25:45', 0, '2024-03-06 05:25:45', 0);

-- --------------------------------------------------------

--
-- Table structure for table `TaskStatus`
--

CREATE TABLE `TaskStatus` (
  `ID` int(11) NOT NULL,
  `Label` varchar(225) NOT NULL,
  `CreatedAt` timestamp NOT NULL DEFAULT CURRENT_TIMESTAMP,
  `CreatedBy` int(11) NOT NULL DEFAULT '0',
  `UpdatedAt` timestamp NOT NULL DEFAULT CURRENT_TIMESTAMP,
  `UpdatedBy` int(11) NOT NULL DEFAULT '0',
  `isArchived` int(11) NOT NULL DEFAULT '0'
) ENGINE=InnoDB DEFAULT CHARSET=latin1;

--
-- Dumping data for table `TaskStatus`
--

INSERT INTO `TaskStatus` (`ID`, `Label`, `CreatedAt`, `CreatedBy`, `UpdatedAt`, `UpdatedBy`, `isArchived`) VALUES
(1, 'Pending', '2024-02-03 07:49:31', 0, '2024-02-03 07:49:31', 0, 0),
(2, 'Processing', '2024-02-03 07:49:31', 0, '2024-02-03 07:49:31', 0, 0),
(3, 'Complete', '2024-02-03 07:49:45', 0, '2024-02-03 07:49:45', 0, 0);

-- --------------------------------------------------------

--
-- Table structure for table `testtable`
--

CREATE TABLE `testtable` (
  `ID` int(11) NOT NULL,
  `Fld1` varchar(200) NOT NULL,
  `Fld3` varchar(500) NOT NULL,
  `Fld4` tinyint(4) NOT NULL,
  `Fld5` int(11) NOT NULL,
  `Fld6` date NOT NULL,
  `Fld7` int(11) NOT NULL,
  `Fld8` varchar(200) NOT NULL,
  `Fld9` int(11) NOT NULL,
  `Fld11` int(11) NOT NULL,
  `Fld12` varchar(500) NOT NULL,
  `Fld13` int(11) NOT NULL,
  `Fld5_2` int(11) NOT NULL,
  `Fld14` int(11) NOT NULL,
  `Fld15` tinyint(1) NOT NULL DEFAULT '0'
) ENGINE=InnoDB DEFAULT CHARSET=latin1;

--
-- Dumping data for table `testtable`
--

INSERT INTO `testtable` (`ID`, `Fld1`, `Fld3`, `Fld4`, `Fld5`, `Fld6`, `Fld7`, `Fld8`, `Fld9`, `Fld11`, `Fld12`, `Fld13`, `Fld5_2`, `Fld14`, `Fld15`) VALUES
(1, 'textbox', 'Textarea', 1, 365, '2024-03-08', 1234567890, 'test@gmail.com', 0, 0, '1', 0, 583, 0, 0),
(5, 'test', 'test', 1, 0, '2024-03-05', 2, 'test@gmail.com', 0, 0, '8', 0, 0, 0, 1);

-- --------------------------------------------------------

--
-- Table structure for table `test_data`
--

CREATE TABLE `test_data` (
  `ID` int(11) NOT NULL,
  `Label` varchar(255) NOT NULL
) ENGINE=InnoDB DEFAULT CHARSET=latin1;

--
-- Dumping data for table `test_data`
--

INSERT INTO `test_data` (`ID`, `Label`) VALUES
(3, 'SHIRTING B FABRIC'),
(4, 'SATIN'),
(5, 'LINERA'),
(6, 'GREY CASPER LYERA'),
(7, 'ROME SHIRTING'),
(8, 'SATIN STRIPES'),
(9, 'FRANCO'),
(10, 'GREY PC TWILL'),
(11, 'RICHMOND (JODI)'),
(12, 'GENEVA'),
(13, 'GREY SIERA'),
(14, 'GREY GIMAZO'),
(15, 'GREY NEKTOR'),
(16, 'GREY COT CRUSH'),
(17, 'GREY VIKING'),
(18, 'GREY WG SUITING'),
(19, 'GREY WG SHIRTING'),
(20, 'ZILLION'),
(21, 'GREY LAMASO'),
(22, 'GREY FRANCO'),
(23, 'PUFFER'),
(24, 'GREY TRACK'),
(25, 'INTENCE'),
(26, 'WOOD STONE'),
(27, 'MAXER (JODI)'),
(28, 'BUTTA LAWN'),
(29, 'SOLAR (STARCH)'),
(30, 'MILES (STARCH)'),
(31, 'SOLAR'),
(32, 'PRIMUS (STARCH)'),
(33, '70*70 LAWN'),
(34, 'VERINO'),
(35, 'AURIS SUITING'),
(36, 'GREY REGINA COT'),
(37, 'GREY VIZA LAWN'),
(38, 'GREY BLOOM'),
(39, 'WISTERIA'),
(40, 'FAME LYCRA'),
(41, 'GREY VARIANT'),
(42, '60/1 COTTON COMPACT WEAVING'),
(43, 'REGALIA'),
(44, 'ARMADA'),
(45, 'SFWEFF'),
(46, 'GREY TAURAS'),
(47, 'SUPERMARIO'),
(48, 'PALACE BUTTA'),
(49, 'PARKER PRINT'),
(50, 'NIKON GIZA'),
(51, 'HAVANA (B PCS)'),
(52, 'HECTOR (B PCS)'),
(53, 'LEXA (B PCS)'),
(54, 'LUXURIA (B PCS)'),
(55, 'MANTIS (B PCS)'),
(56, 'FENT'),
(57, 'VAZIR'),
(58, 'RAYON SEQUENCE'),
(59, 'GREY APRICOT SUITING'),
(60, 'ASTRON DIGITAL'),
(61, 'SILKON'),
(62, 'SEAFORD'),
(63, 'APRICOT SUITING'),
(64, 'APRICOT SHIRTING'),
(65, 'TROJAN'),
(66, 'GREY BOSTON'),
(67, 'VIRAT'),
(68, 'GREY CREST'),
(69, 'GREY BLOSSOM'),
(70, 'HUMBLE'),
(71, 'HERMIT'),
(72, 'RAYON SCHIFLEY'),
(73, 'FORTIS'),
(74, 'GREY CARDIFF SHIRTING'),
(75, 'LIBERTY'),
(76, 'LORAS'),
(77, 'MEXICO SHIRTING'),
(78, 'MEXICO SUITING'),
(79, 'TANZA SHIRTING'),
(80, 'TANZA SUITING'),
(81, 'CARDIFF SHIRTING'),
(82, 'CARDIFF SUITING'),
(83, 'SYDNEY SHIRITNG'),
(84, 'SYDNEY SUITING'),
(85, 'COLOMBO SHIRTING'),
(86, 'COLOMBO SUITING'),
(87, 'RICHMOND SHIRTING'),
(88, 'RICHMOND SUITING'),
(89, 'COSTANA'),
(90, 'ROME SUITING'),
(91, 'CEELANA'),
(92, 'GREY LENCILA'),
(93, 'TORRIS'),
(94, 'GREY REGALIA'),
(95, 'GREY URICO'),
(96, 'ICONIC'),
(97, 'SOL'),
(98, 'GRACE'),
(99, 'CABANA'),
(100, 'EVA'),
(101, 'WILZARD'),
(102, 'ROX'),
(103, 'MAXER SHIRTING'),
(104, 'MAXER SUITING'),
(105, 'LENCILA'),
(106, 'GREY BILBERRY'),
(107, 'GREY BERRY LAWN'),
(108, 'CORAL'),
(109, 'ZODIAC LINEN'),
(110, 'MORETT BLACK (JODI)'),
(111, 'MORETT WHITE & BLACK (JODI)'),
(112, 'PATHANI'),
(113, 'GREY ROVER'),
(114, 'ALTON'),
(115, 'GREY BARNET'),
(116, 'GREY ATHER'),
(117, 'GLORIOUS'),
(118, 'AKBAR BUTTA'),
(119, 'DIGITAL PRINT'),
(120, 'ORINTEX'),
(121, 'LINOVA'),
(122, 'DERBY'),
(123, 'BATTLE'),
(124, 'LEWIS'),
(125, 'PEDRO'),
(126, 'ERIK'),
(127, 'CONNER'),
(128, 'HARVEY'),
(129, 'GLEN'),
(130, 'HAROLD'),
(131, 'VARIANT'),
(132, 'GREY SEAFORD'),
(133, 'GREY FOSSIL'),
(134, 'GREY TROPICAL'),
(135, 'GREY CASPER LYCRA'),
(136, 'RETRO'),
(137, 'MORANO'),
(138, 'HUDSON'),
(139, 'GREY PARIS'),
(140, 'VINCENT'),
(141, 'BENJAMIN'),
(142, 'RUMI'),
(143, 'SOFARA'),
(144, 'FOSSIL'),
(145, 'VALLEY'),
(146, 'GREY JORDAN'),
(147, 'TROPICAL'),
(148, 'PARIS'),
(149, 'BANGLORY'),
(150, 'VISCOS GEORGETTE'),
(151, 'LINO STARCH WHITE'),
(152, 'MALAI'),
(153, 'GREY SUNRISE SUITING'),
(154, 'GREY SUNRISE SHIRTING'),
(155, 'KURTA - WHITE FABRICS'),
(156, 'TAKEN'),
(157, 'ZEEBA COTTON'),
(158, 'KING BUTTA'),
(159, 'zede'),
(160, 'MUNCH'),
(161, 'GREY STERLING SHIRTING'),
(162, 'GREY STERLING SUITING'),
(163, 'GREY LP SHIRTING'),
(164, 'MIRACLE SHIRTING'),
(165, 'MIRACLE SUITING'),
(166, 'GREY IVORY SHIRTING'),
(167, 'GREY IVORY SUITING'),
(168, 'MARS'),
(169, 'GREY COT CAT PLEATS'),
(170, 'DANISH COTTON'),
(171, 'GREY 23 PLEATS'),
(172, 'GREY SHELDON'),
(173, 'ROYAL BUTTA'),
(174, 'ROYAL PRINT'),
(175, 'WINI PRINT'),
(176, 'GREY COPPER ZARI'),
(177, 'MOTHER TOUCH'),
(178, 'GREY SUPER GOLD'),
(179, 'GREY STUDIO'),
(180, 'SOMET DIGITAL'),
(181, 'GREY CRUSH'),
(182, 'GREY BELLEZA'),
(183, 'GREY 23 POLY PLEATS'),
(184, 'GREY RFD TWILL'),
(185, 'SHIRTING BUTTA (B.PCS)'),
(186, 'AADA PATTA'),
(187, 'NEXON'),
(188, 'BUTTA BPCS'),
(189, 'GREY TRINITY'),
(190, 'GREY LYCRA'),
(191, 'MODAL'),
(192, 'LORENZO LINEN'),
(193, 'BURBERRY-1'),
(194, 'BURBERRY-3'),
(195, 'BURBERRY-5'),
(196, 'BURBERRY-2'),
(197, 'HT RFD SHIRTING'),
(198, 'BURBERRY-4'),
(199, 'CHIVASSO LINEN'),
(200, 'MAZE LINEN'),
(201, 'MOCKLINO LINEN'),
(202, 'CARNIVAL COT'),
(203, 'ALDO LINEN'),
(204, 'ENRICH COTTON'),
(205, 'GREY POLY STRIPES'),
(206, 'VEERO LINEN'),
(207, 'GREY SAMPLE'),
(208, 'ASAVI LAWN'),
(209, 'MAKHAN BHOG'),
(210, 'GREY CUT ZARI'),
(211, 'BEAMER'),
(212, 'FLORENCE'),
(213, 'FLARE'),
(214, 'TRINITY'),
(215, 'SWEDEN'),
(216, 'GREY SLUB COMP'),
(217, 'PRIME ROSE'),
(218, 'BOURNVILLA'),
(219, 'GREY TD BUTTA'),
(220, 'GREY ZARI SHELDON'),
(221, 'COTTON GIZA'),
(222, 'DONNY COTTON'),
(223, 'ROVI LAWN'),
(224, 'SERRA PRINT'),
(225, 'CASCADE'),
(226, 'CONIFER'),
(227, 'GREY LAWN COMP PATTA'),
(228, 'GREY VISCOSE SILKY AADA PATTA'),
(229, 'GREY COT CAT AADA PATTA'),
(230, 'BUTTA BPCS (1.6 CUT )'),
(231, 'MANCHESTER'),
(232, 'GREY VISCOSA'),
(233, 'GREY LORDS COT'),
(234, 'KRIMSON'),
(235, 'COPPER'),
(236, 'LYCRA-1'),
(237, 'LYCRA-2'),
(238, 'LYCRA-3'),
(239, 'PHANTOM'),
(240, 'NIMBUS'),
(241, 'SAHI BUTTA'),
(242, 'CADILLAC'),
(243, 'SHAHENSHAH'),
(244, 'GIMAZO'),
(245, 'VIZAMI'),
(246, 'OPTIMUS'),
(247, 'VICERA'),
(248, 'GREY ARIZO LAWN'),
(249, 'PLEAT'),
(250, 'MONIKA'),
(251, 'VISCOSA'),
(252, 'LORDS COT'),
(253, 'GREY PRIMUS'),
(254, 'BRANBERRY'),
(255, 'FT PRINT'),
(256, 'NT PRINT'),
(257, 'FERRIS'),
(258, 'ARISTOCRAT'),
(259, 'FIESTA'),
(260, 'CELLO'),
(261, 'GREY FRANCIS'),
(262, 'GREY FLORIDA'),
(263, 'WHITE JODI(NO BOX)'),
(264, 'MORANA'),
(265, 'RIZETA LAWN'),
(266, 'CROWN SHIRTING'),
(267, 'FLORIDA GIZA LAWN'),
(268, 'MILANO'),
(269, 'ARABIA'),
(270, 'BLUE BERRY WHITE'),
(271, 'GREY LINEN STRIPES'),
(272, 'GREY DENZA COT'),
(273, 'WHITE JODI( SST BOX)'),
(274, 'CROWN (JODI)'),
(275, 'SERRA SUITING'),
(276, 'GREY CAIRO SUITING'),
(277, 'GREY COLOMBO SUITING'),
(278, 'GREY CARDIFF SUITING'),
(279, 'GREY CAIRO SHIRTING'),
(280, 'GREY COLOMBO SHIRTING'),
(281, 'GREY MEXICO SUITING'),
(282, 'GREY SOLITAIRE PATTA'),
(283, 'CAIRO SUITING'),
(284, 'ARIZO COT WHITE'),
(285, 'LAWN BUTTA WHITE'),
(286, 'CONIFER WHITE'),
(287, 'RIZETA LAWN WHITE'),
(288, 'GREY SOLITAIRE CHECKS'),
(289, 'GREY CARIO SHIRTING'),
(290, 'ASTRA'),
(291, 'IMPALA'),
(292, 'ICE BERRY'),
(293, 'GREY ICONIC'),
(294, 'EGY GIZA SUITING'),
(295, 'SIERA'),
(296, 'POLY TWILL'),
(297, 'GREY CEELANA'),
(298, 'GREY COTTON CRUSH'),
(299, 'NEKTOR'),
(300, 'GREY SWEDEN'),
(301, 'GREY CAMEL'),
(302, 'GREY SOL'),
(303, 'GREY ZILLION'),
(304, 'GREY ROX'),
(305, 'GREY ROADSTER'),
(306, 'GREY SNOW BERRY'),
(307, 'GREY RALCO'),
(308, 'ROVER'),
(309, 'GREY SOLAR PC.'),
(310, 'GREY MILES PC'),
(311, 'GREY PRIMUS SUITING'),
(312, 'URICO'),
(313, 'BILBERRY'),
(314, '44 LEE'),
(315, 'VIKING'),
(316, 'BERLIN'),
(317, 'GREY LEENO'),
(318, 'GREY FENCER'),
(319, 'RODEO'),
(320, 'DAFFODIL'),
(321, 'ENFIELD'),
(322, 'GREY MORANO'),
(323, 'GREY MURPHY'),
(324, 'SNOW BERRY'),
(325, 'LAMASO'),
(326, 'BEVERLY'),
(327, 'CENTARO'),
(328, 'REGINA COT'),
(329, 'VIZA LAWN'),
(330, 'BLOOM'),
(331, 'GREY VALLEY'),
(332, 'HECTOR'),
(333, 'SPANISH GIZA'),
(334, 'LAVISH BUTTA'),
(335, 'NETAJI ZARI'),
(336, 'GREY GLAZO'),
(337, 'VELVET'),
(338, 'GREY APRICOT SHIRTING'),
(339, 'GREY WINDSOR'),
(340, 'VISTARA'),
(341, 'VALENTINE'),
(342, 'VIRGO'),
(343, 'VELVETA'),
(344, 'GREY HAZEL LYCRA'),
(345, 'GREY ASTER LYCRA'),
(346, 'GREY ZENITH'),
(347, 'COBRA SATIN'),
(348, 'HUMMER'),
(349, 'BLACK FOREST'),
(350, 'KOBRA CODING'),
(351, '40/1 COTTON COMPACT WEAVING'),
(352, 'MARSHAL B JODI'),
(353, 'ORRY PRINT'),
(354, 'GREY SILVER SHIRTING'),
(355, 'GREY SILVER SUITING'),
(356, 'HEAVY BUTTA'),
(357, 'DELLA'),
(358, 'MAHALAXMI COTTON'),
(359, 'ORION'),
(360, 'MELVIN'),
(361, 'FELIX'),
(362, 'CRUZ'),
(363, 'MARLOW'),
(364, 'LORDS'),
(365, 'TAURAS'),
(366, 'AURA'),
(367, 'DIGITAL LAWN'),
(368, 'SUPRA'),
(369, 'GREY WILZARD'),
(370, 'COOL BERRY'),
(371, 'VIN BERRY'),
(372, 'SEVEN STAR'),
(373, 'GREY PUFFER'),
(374, 'GREY MAZATI'),
(375, 'COMBAT'),
(376, 'GREY MAXER SUITING'),
(377, 'GREY MAXER SHIRTING'),
(378, 'MEXICO (JODI)'),
(379, 'GREY ASTRA'),
(380, 'GREY CABANA'),
(381, 'GREY GRACE'),
(382, 'GREY EVA'),
(383, 'GREY BERLIN'),
(384, 'DREAM LYCRA'),
(385, 'GREY CENTARO'),
(386, 'GREY SUMMER SKY'),
(387, 'GREY REGENCY'),
(388, 'GREY RETRO'),
(389, 'MOON WHITE'),
(390, 'APRICOT (JODI)'),
(391, 'GREY ARMADA'),
(392, 'GREY MYSTIC'),
(393, 'ROADSTER'),
(394, 'TRACK'),
(395, 'MILES'),
(396, '61S CDB COMP SICO  A - SINTEX'),
(397, 'HUMOR COT'),
(398, 'FENCER'),
(399, 'DOODLES'),
(400, 'CUBA'),
(401, 'ELSA'),
(402, 'DUBAI GIZA'),
(403, 'GERMAN GIZA'),
(404, 'ROMAN GIZA'),
(405, 'LISBON GIZA'),
(406, 'TURKEY GIZA'),
(407, 'MUSCAT GIZA'),
(408, 'GREY PV TWILL'),
(409, 'B SHIRTING'),
(410, 'MAXER (B PCS)'),
(411, 'BRANCE GIZA'),
(412, 'SPECTRUM'),
(413, 'MURPHY'),
(414, 'SUMMER SKY'),
(415, 'MARLIN'),
(416, 'GREY DENVER'),
(417, 'KURTA - DYED FABRICS'),
(418, 'HEXA EMB'),
(419, 'POLO DIGITAL'),
(420, 'KOBRA PANEL'),
(421, 'HYDEN'),
(422, 'UPTON'),
(423, 'SHIRTING - DYED FABRICS'),
(424, 'GREY RETRO SHIRTING'),
(425, 'GREY RETRO SUITING'),
(426, 'GREY HARMONY SHIRTING'),
(427, 'GREY HARMONY SUITING'),
(428, 'DARWIN'),
(429, 'ETHAN'),
(430, 'TOBIAS'),
(431, 'BARNDON'),
(432, '7044'),
(433, '7045'),
(434, '7046'),
(435, '7047'),
(436, '7048'),
(437, '7049'),
(438, '7051'),
(439, '7052'),
(440, '7053'),
(441, '7054'),
(442, '7055'),
(443, '7056'),
(444, '7057'),
(445, '7058'),
(446, '7059'),
(447, '7060'),
(448, '7061'),
(449, '7062'),
(450, '7063'),
(451, '10006'),
(452, '10007'),
(453, '10008'),
(454, '10009'),
(455, '10010'),
(456, '10011'),
(457, '10012'),
(458, '10013'),
(459, '10014'),
(460, '10015'),
(461, '10016'),
(462, '10017'),
(463, '10018'),
(464, '10019'),
(465, '10020'),
(466, '10021'),
(467, '10022'),
(468, '10023'),
(469, '10024'),
(470, 'PRIME MINISTER'),
(471, '60 X12 GREY 63\"'),
(472, 'COTTON X PC'),
(473, 'BRIGHT SUITING'),
(474, 'MAHARAJA'),
(475, 'LINEN WORLD'),
(476, '10059'),
(477, '10055'),
(478, '10056'),
(479, '10057'),
(480, '10058'),
(481, '10060'),
(482, '10061'),
(483, '10062'),
(484, '10063'),
(485, '10064'),
(486, '10065'),
(487, '10066'),
(488, '10067'),
(489, 'SAFED'),
(490, 'ROCKY'),
(491, 'MASTER'),
(492, 'S-4'),
(493, 'WHITE SHINE'),
(494, '10079'),
(495, '10086'),
(496, '10085'),
(497, '10082'),
(498, '10087'),
(499, '10080'),
(500, '10083'),
(501, '10088'),
(502, '10089'),
(503, '10081'),
(504, '10078'),
(505, '10084'),
(506, 'T.D GREY SUITING & SHIRTING'),
(507, 'T.D.GREY FILAFIL'),
(508, 'PROLIN'),
(509, 'LINZO'),
(510, 'BENTLEY'),
(511, 'BLUE STAR'),
(512, 'SUITING FENT'),
(513, 'PREMIUM'),
(514, 'RICH LILON'),
(515, 'MLA-2'),
(516, 'KHADI LILON'),
(517, 'VICTORIA-3'),
(518, 'RICH LINEN'),
(519, 'KICK'),
(520, 'SUPERHIT'),
(521, 'LEGEND-2'),
(522, 'CLICK'),
(523, 'LINEN VISTA(WHITE)'),
(524, 'PRESIDENT.'),
(525, 'REAL LINEN'),
(526, 'BEAUTY'),
(527, 'CARLOS'),
(528, 'GOOD WILL'),
(529, 'RICH LINEN(AS)'),
(530, 'SPEED'),
(531, 'STANLEY(AS)'),
(532, 'SAFARI SUITING'),
(533, 'BLUE BERRY(AS)'),
(534, 'JACKPOT SUITING'),
(535, 'LINEN PLUS'),
(536, 'GOLDEN'),
(537, 'STYLE Z'),
(538, 'RAMIE LINEN'),
(539, 'PRIDE'),
(540, 'ROMAN'),
(541, 'FREEDOM'),
(542, 'SUPER LEE'),
(543, 'X1'),
(544, 'LINEN IGNIS'),
(545, 'EQUSS'),
(546, 'ROSA LINEN'),
(547, 'LINEN MANZA'),
(548, 'LINEN ROMAN'),
(549, 'LIMCA'),
(550, 'CAMEL'),
(551, 'PEARL SUITTING'),
(552, 'WHITE SUITING'),
(553, 'LINEN CENTURY'),
(554, 'SILKY TOUCH'),
(555, 'SMART'),
(556, 'SILVER LINEN'),
(557, 'ADAM NX'),
(558, 'MLT LINEN'),
(559, 'COOL STAR'),
(560, 'BERRY LINEN'),
(561, 'SJ-LINEN'),
(562, 'JOY LINEN'),
(563, 'NINJO'),
(564, 'FOX LINEN'),
(565, 'APOLLO'),
(566, 'SOBER'),
(567, 'ELEGANT'),
(568, 'ANTIQUE ZARI'),
(569, 'JAMES'),
(570, 'ZED LINEN'),
(571, 'KARO LINEN'),
(572, 'DON'),
(573, 'AK LINEN'),
(574, 'TRUE LIFE'),
(575, 'CREAM STONE SUITING'),
(576, 'CREAM STONE SHIRTING'),
(577, 'ROYAL'),
(578, 'MOON LIGHT'),
(579, 'CREAM STONE(JODI)'),
(580, 'CITY LINEN'),
(581, 'PRIDE LINEN'),
(582, 'MARTIN PRINT'),
(583, 'BOSTON PRINT'),
(584, 'ATOM'),
(585, 'NEO LINEN'),
(586, '7033'),
(587, '7034'),
(588, '7035'),
(589, '7036'),
(590, '7037'),
(591, '7038'),
(592, '7039'),
(593, '7041'),
(594, '7042'),
(595, '7043'),
(596, 'COOL LINEN 58\" (FRESH)'),
(597, 'EXPORT LENEN 58\"(BPCS)'),
(598, 'MIRCHI SUITING (FRESH)'),
(599, 'MINISTER SUITING'),
(600, 'RAJA'),
(601, 'GOLD'),
(602, 'SEA ROCK'),
(603, 'GREY SHIRTING'),
(604, '10025'),
(605, 'GREY FABRICS'),
(606, 'LINEN SUITING'),
(607, 'SUITING MIX PICS (BPCS)'),
(608, 'SUPERLINEN'),
(609, 'BURBERRY'),
(610, 'NAZAKAT'),
(611, 'NOORJAHAN'),
(612, 'NOORJAHAN (1)'),
(613, 'NAZAKAT (1)'),
(614, 'KURTA SPECIAL'),
(615, 'COTTON STRIPES-4'),
(616, 'MACHIS-1'),
(617, 'COTTON STRIPES-1'),
(618, 'COTTON STRIPES-2'),
(619, 'COTTON STRIPES-3'),
(620, 'MACHIS (2)'),
(621, 'NOORJAHAN (2)'),
(622, 'LINCOT'),
(623, '10043'),
(624, '10040'),
(625, '10045'),
(626, '10051'),
(627, '10048'),
(628, '10052'),
(629, 'SUITING GREY 63\"'),
(630, 'SUITING-684'),
(631, 'LINEN SLUB'),
(632, 'FINE LINEN'),
(633, 'CATONIC BLACK 61\"'),
(634, 'LOUSIANA X S.RAMIE'),
(635, '40S CTN X RAMIE'),
(636, 'SUZUKI NX'),
(637, 'S-2'),
(638, 'KOTA X POLY SLUB'),
(639, 'OXFORD 100% COTTON'),
(640, 'INDIAN LINEN'),
(641, 'POINEER JARI'),
(642, 'S-3'),
(643, 'SUITING'),
(644, 'GCC'),
(645, 'OXFORD'),
(646, '60X12 - 100X50'),
(647, 'LEGEND'),
(648, 'APPLE'),
(649, 'COTTON LINEN'),
(650, 'COTTON STRIPES-5'),
(651, 'TOPPER'),
(652, 'MANGO'),
(653, 'RAMBO'),
(654, 'HERO'),
(655, 'LUCKY'),
(656, 'BRIGHT ROSE PLAIN'),
(657, 'MACHIS-2'),
(658, 'MACHIS-3'),
(659, 'SUPERLINEN-X'),
(660, 'SUPERLINEN-Y'),
(661, 'LINEN VISTA (BPCS)'),
(662, 'SHIRTING MIX 44 (FRESH)'),
(663, 'BRIGHT GILITER CRUSH PLAIN'),
(664, 'ITALIAN LINEN'),
(665, 'P/C LINEN'),
(666, 'PROBLEM'),
(667, 'LINENZO'),
(668, 'CAPTAIN'),
(669, 'ACTIVA'),
(670, 'FINISH FABRICS'),
(671, 'MAJOR GENERAL'),
(672, 'MNM'),
(673, 'SUNRISE (JODI)'),
(674, 'CENTURY'),
(675, 'KALPATARU-2'),
(676, 'JUMBO'),
(677, 'SUITING/XYZ'),
(678, 'SAFARI'),
(679, 'DHOOM'),
(680, '337298'),
(681, '337299'),
(682, 'STANLEY'),
(683, 'LEENOVA'),
(684, 'HENRY'),
(685, 'BENTLEY-LINZO'),
(686, 'ROYAL KHADI 58'),
(687, 'ROLEX'),
(688, 'WHITE GOLD'),
(689, 'FEBRUARY'),
(690, 'MARCH'),
(691, 'APRIL'),
(692, 'VIP SUITING'),
(693, 'STANLEY(SM)'),
(694, 'STAR WHITE'),
(695, 'RIDER'),
(696, 'LINEN COOL'),
(697, 'SUPER WHITE'),
(698, 'BINGO'),
(699, 'STALLER'),
(700, 'SANTIGO'),
(701, 'SANTRO'),
(702, 'VENUS'),
(703, 'MILTON'),
(704, 'COOL LINEN'),
(705, 'SAMSUNG'),
(706, 'METRO'),
(707, 'LEENOTA'),
(708, 'LINEN COTTON'),
(709, 'CAROLINE'),
(710, 'LINEN SOMA'),
(711, 'V. I. P.'),
(712, 'LINEN ROSA'),
(713, 'LINEN ROSALINE'),
(714, 'VICTORIA-4'),
(715, 'VIP-1'),
(716, 'VIP-2'),
(717, 'VIP-3'),
(718, 'ORANGE LINEN'),
(719, 'LINEN CHROMA'),
(720, 'BOOST'),
(721, 'PARIS LINEN'),
(722, 'EXCEL LINEN'),
(723, 'ZOYA LINEN'),
(724, 'MICA NX'),
(725, 'MICA'),
(726, 'LINEN HARRY'),
(727, 'RALCO'),
(728, 'COTTON CLUB'),
(729, 'DOLPHIN'),
(730, 'KOTI JACKET'),
(731, 'LINEN FANCY'),
(732, 'LINEN WHITE'),
(733, 'ROSE GOLD'),
(734, 'SPICY LINEN'),
(735, 'AUSTIN'),
(736, 'ACCORD'),
(737, 'RELAXO'),
(738, 'SHIRTING MIX 44\" (BPCS)'),
(739, 'SHIRTING COLOUR (BPCS)'),
(740, 'SHIRTING MIX 58\" (BPCS)'),
(741, 'LINEN SHIRTING 58\" (FRESH)'),
(742, 'COOL COTTON 58\" (FRESH)'),
(743, '7040'),
(744, '7050'),
(745, '7031'),
(746, '7032'),
(747, 'GREY SUITING'),
(748, 'SIXTEEN'),
(749, 'JUMBO LINEN (FRESH)'),
(750, 'SHIRTING WHITE 44\"(B)'),
(751, 'SUZUKI'),
(752, '10001'),
(753, '10002'),
(754, '10003'),
(755, '10004'),
(756, '10005'),
(757, '10027'),
(758, '10028'),
(759, '10029'),
(760, '10034'),
(761, '10035'),
(762, '10037'),
(763, '10032'),
(764, '10036'),
(765, '10031'),
(766, '10030'),
(767, '10033'),
(768, '10039'),
(769, '10041'),
(770, '10042'),
(771, '10044'),
(772, '10047'),
(773, '10046'),
(774, '10050'),
(775, '10049'),
(776, '10068'),
(777, '10069'),
(778, '10070'),
(779, '10053'),
(780, '10071'),
(781, '10054'),
(782, '10072'),
(783, '10073'),
(784, '10075'),
(785, '10074'),
(786, '10076'),
(787, '10077'),
(788, 'POLYSTER X REMI'),
(789, 'NEW SLUB'),
(790, 'TRUE VALUE-1'),
(791, 'TRUE VALUE-2'),
(792, 'TRUE VALUE-3'),
(793, 'BOSS'),
(794, 'MONO CITRA 44\"'),
(795, 'T.D.GREY PLAIN'),
(796, 'T.D.SUITING GREY'),
(797, 'POLYSTER CATONIC SUITING'),
(798, 'AMUL LINEN'),
(799, 'T.D.GREY REMI'),
(800, 'FANCY GREY SHIRTING'),
(801, 'OM NAMAH SHIVAY STEP'),
(802, 'BRIGHT ROSE STEP'),
(803, '27X20X20   55X20X20'),
(804, 'M-J'),
(805, 'FANCY GREY FABRICS'),
(806, 'LINEN'),
(807, 'COTTON LINEN-1'),
(808, 'COTTON LINEN-2'),
(809, 'COTTON LINEN-3'),
(810, 'NAZAKAT-3'),
(811, 'NOORJAHAN-3'),
(812, 'TALENT'),
(813, 'FERRARI'),
(814, 'WORLD CUP'),
(815, 'GLAMOUR'),
(816, '1111'),
(817, 'MANTRIJI'),
(818, 'SHIRTING MIX 58 (FRESH)'),
(819, 'STYLO'),
(820, 'COOL MATTY'),
(821, 'ROYAL LINEN'),
(822, 'ICE LINEN'),
(823, '202060'),
(824, '7 STAR'),
(825, 'MODERN'),
(826, 'BLING'),
(827, 'HUNGAMA'),
(828, 'BLUE BERRY'),
(829, 'LORENZO'),
(830, 'WHITE ROSE'),
(831, '336931'),
(832, 'RAJDHANI SUITING'),
(833, 'VICTORY'),
(834, 'LINEN BY NATURE-58'),
(835, 'GOOD LUCK'),
(836, 'LINEN SUITING-2'),
(837, 'RAJA SHAHI'),
(838, 'SEA ROCK(SM)'),
(839, 'NATURAL LINEN'),
(840, 'ARROW'),
(841, 'JANUARY'),
(842, 'M-J(AS)'),
(843, 'IMAGICA(AS)'),
(844, 'VOGUE'),
(845, 'STAR'),
(846, 'FREEDOM(AS)'),
(847, 'CALABRIA(CARLOS)'),
(848, 'WINNER'),
(849, 'STANLEY-1(AS)'),
(850, 'LINEN FREEDOM'),
(851, 'LINEN COLLECTION'),
(852, 'JUPITER'),
(853, 'BOSS LINEN'),
(854, 'MEGA LINEN'),
(855, 'MEGA'),
(856, 'MIX CHART'),
(857, 'SUMO'),
(858, 'NATRAJ'),
(859, 'GOLD SPOT'),
(860, 'SKY'),
(861, 'SKY-NX'),
(862, 'ANTIQUE'),
(863, 'PM SUITING'),
(864, 'LINEN CRUZ'),
(865, 'PURE GOLD'),
(866, 'MAX LINEN'),
(867, 'MAGNUM LINEN'),
(868, 'CLASSIC'),
(869, 'MARINA'),
(870, 'INDO CLUB'),
(871, 'REPLAY WHITE'),
(872, 'FORTUNER'),
(873, 'LINEN STAR'),
(874, 'MACK'),
(875, 'COTTON SHIRTING'),
(876, 'BESTO'),
(877, 'PINGO'),
(878, 'TAM TAM'),
(879, 'SHAHENSHAH MIX-2'),
(880, 'REAL'),
(881, 'RFD SHIRTING'),
(882, 'WHITE ROSE JODI (B.PCS)'),
(883, 'CREAM STONE JODI (B PCS)'),
(884, 'LINEN GOLD'),
(885, 'RED BOX'),
(886, 'LEGENG SUITING'),
(887, 'PICASSO LINEN'),
(888, 'TURKISH LINEN'),
(889, 'KENZO LINEN'),
(890, 'EMPIRE CLASS'),
(891, 'BLEACH WHITE'),
(892, 'BENITO LINEN'),
(893, 'PRIDE PLUS'),
(894, 'STUDIO LINEN'),
(895, '27X20X20 COTTON'),
(896, 'NERO LINEN'),
(897, 'WHITE SWAN'),
(898, 'MINISTER'),
(899, 'IMPERIAL'),
(900, 'STAR LINEN'),
(901, 'SUPREME'),
(902, 'BENZA LINEN(STRIPES)'),
(903, 'IMPERIAL(CHECKS)'),
(904, 'CENTRE ONE(BPCS)'),
(905, 'ULTRA'),
(906, 'GAZA LINEN(STRIPES)'),
(907, 'BALENO'),
(908, 'SHIRTING MIX PICS (FRESH)'),
(909, 'RENZO LINEN(STRIPES-CHECKS)'),
(910, 'SCOTT LINEN(STRIPES)'),
(911, 'MANGO LINEN'),
(912, 'NERO LINEN(STRIPES)'),
(913, 'EXCEL LINEN(CHECKS)'),
(914, 'EXCEL LINEN(STRIPES)'),
(915, 'STUDIO LINEN (CHECKS)'),
(916, 'ROMA LINEN(PESTAL-COL)'),
(917, 'MARCO PRINT'),
(918, 'DUKE PRINT'),
(919, 'GREY W R SHIRTING'),
(920, 'GREY W R SUITING'),
(921, 'PRIDE 41 SHIRTING'),
(922, 'PRIDE 41 SUITING'),
(923, 'DAVIS LINEN(STRIPES)'),
(924, 'DAVIS LINEN(CHECKS)'),
(925, 'GREY RAINBOW'),
(926, 'GREY EGYPTIAN GIZA'),
(927, 'WHITE ROSE COMBO'),
(928, 'CREAM STONE COMBO'),
(929, 'EUROPEAN LINEN COMBO'),
(930, 'WHITE GLOW'),
(931, 'GREY ITALIA COT'),
(932, 'GREY GLOW COT'),
(933, 'GREY VENTURE COT'),
(934, 'GREY BERGAMO'),
(935, 'COSMO 31 SUITING'),
(936, 'COSMO 31 SHIRTING'),
(937, 'EUROPEAN LINEN CHECKS'),
(938, 'GREY FERRO'),
(939, 'GREY ARROW'),
(940, 'GREY MAGNUM'),
(941, 'BANSWARA STIFF'),
(942, 'DAMAS PRINT'),
(943, '20/4640'),
(944, 'SPARK-21(JODI)'),
(945, 'CREAM BELL(JODI)'),
(946, 'ROYAL TOUCH'),
(947, 'RAMADAN MUBARAK PRINTS'),
(948, 'GREY AREEZO'),
(949, '20S L.R.SLUB'),
(950, 'LEE COT'),
(951, 'GREY GIZA COT'),
(952, 'GREY PREMIO'),
(953, 'CAPLUR'),
(954, 'GREY LINEN PLUS'),
(955, 'GREY CROMA'),
(956, 'GREY MORINO'),
(957, 'GREY SAPPHIRE'),
(958, 'GREY LORENZO'),
(959, 'GREY ULTIMA'),
(960, 'GREY 80 SATIN'),
(961, 'GREY GRAND 51 SUITING'),
(962, 'GREY GRAND 51 SHIRTING'),
(963, 'VALENCIA'),
(964, 'ULTIMA'),
(965, 'SPARTAN'),
(966, 'CROMA'),
(967, 'ZIDANE'),
(968, 'MARBELLA'),
(969, 'SUMI PRINT'),
(970, 'FARGO PRINT'),
(971, '27/60 LOUSIANA'),
(972, 'RIGA PRINT'),
(973, 'AMIGO PRINT'),
(974, 'FUTURE LEE'),
(975, 'GEN-X WHITE'),
(976, 'RISO WHITE'),
(977, 'K- LIFE'),
(978, 'MIRA PRINT'),
(979, 'GRAND-51 SUITING'),
(980, 'VENICE LINEN'),
(981, 'GREY GC STRIPES'),
(982, 'GREY OXY GIZA'),
(983, 'COTTON CLUB PRINT'),
(984, 'GREY RICARDO LINEN'),
(985, 'EUROPA SATIN'),
(986, 'BIG GIZA'),
(987, 'GREY PIMA COT'),
(988, 'DOLLAS GIZA'),
(989, 'GREY GLOBUS'),
(990, 'WHITE & WHITE'),
(991, 'GOLD TOUCH'),
(992, 'GREY PLAZO COT'),
(993, 'NOVA COOL(JODI)'),
(994, 'GREY AXEL COT'),
(995, 'GREY BENITO WEAVE'),
(996, 'GREY GLANZA'),
(997, 'GREY LAWN'),
(998, 'GREY OPTIMA'),
(999, 'SUPERLAWN'),
(1000, 'DG PRINT (BPCS)'),
(1001, 'GLAMOUR SHIRTING'),
(1002, 'GLAMOUR SUITING'),
(1003, 'MONO 44\"'),
(1004, 'CAPTAIN PLEATS'),
(1005, 'GLAMOUR (JODI)'),
(1006, 'EXCEL LINEN PRINT'),
(1007, 'ELIVYA SUITING'),
(1008, 'IRISH LINEN'),
(1009, 'COTY LAWN'),
(1010, 'GREY ELIVYA SHIRTING'),
(1011, 'GREY ELIVYA SUITING'),
(1012, 'GREY NERO CHECKS'),
(1013, 'FARGO PRINT(BPCS)'),
(1014, 'VAMA PRINT'),
(1015, 'MEGA WHITE (JODI)'),
(1016, 'GREY FLEX'),
(1017, 'GREY SHANEL'),
(1018, 'GREY CAMBRIC'),
(1019, 'GREY MUNCH'),
(1020, 'DANNY LAWN PRINT'),
(1021, 'GREY OSLO GIZA'),
(1022, 'ROMA PRINT'),
(1023, 'GREY AADA PATTA'),
(1024, 'RONY LAWN PRINT'),
(1025, 'NATURAL PRINT'),
(1026, 'PLAIN FRESH (PCS)'),
(1027, 'CROMA PRINT'),
(1028, 'KC PRINT'),
(1029, 'SNOW COT'),
(1030, 'RENO COT'),
(1031, 'JERRY LAWN'),
(1032, 'MAHARAJA COT'),
(1033, 'FIGO LAWN'),
(1034, 'RUMEE LAWN'),
(1035, 'ABC'),
(1036, 'ZZZ'),
(1037, 'T.D.GREY'),
(1038, 'PC SHIRTING GREY'),
(1039, 'FOREST TOP DYED'),
(1040, 'FANCY SHIRTING'),
(1041, 'MIX WHITE MONO(BPCS)'),
(1042, 'STRIPE'),
(1043, 'CHECKS'),
(1044, 'COTTON REMI'),
(1045, 'COTTON LINEN GREY'),
(1046, 'SHIRTING FENT'),
(1047, 'COTTON LAPET'),
(1048, 'P/C SUITING'),
(1049, 'TRANSPORT'),
(1050, 'SUPER'),
(1051, 'VICTORIA'),
(1052, 'PARK'),
(1053, 'SCORPIO'),
(1054, 'SUITING MIX PICS (FRESH)'),
(1055, 'INDIAN RAMIE'),
(1056, 'RAJTANTRA'),
(1057, 'MANTRI'),
(1058, 'NAMO'),
(1059, 'SASHAN'),
(1060, 'VICTORIA-2'),
(1061, 'LINEN FEEL'),
(1062, 'SUPERSTAR'),
(1063, 'COTTON COOL'),
(1064, 'COTTON COOL STRIPES'),
(1065, 'MONO PLAIN 44\"'),
(1066, 'MONO SALLY 44\"'),
(1067, 'MONO CB 58\"'),
(1068, 'MONO CB SALLY 58\"'),
(1069, 'MONO PLAIN 58\"'),
(1070, 'MOON MOON 58\"'),
(1071, 'RAMIE'),
(1072, '10038'),
(1073, '10026'),
(1074, 'SUNSHINE'),
(1075, 'COTTON XCOTTON XLINEN'),
(1076, 'LINEN VISTA(COL.)'),
(1077, '60/12 COTTON'),
(1078, '55/20/20 + DADAJI'),
(1079, '40/20/20 + 55/20/20'),
(1080, '40/20/20 + 40/20/20'),
(1081, 'DOVE'),
(1082, 'MODEL MICRO FLEX X REMI'),
(1083, '40X12 OXFORD'),
(1084, 'ROCKET'),
(1085, 'PILOT'),
(1086, 'DULL SUITING'),
(1087, 'T.D. SC SHIRTING'),
(1088, 'T.D.P SHIRTING'),
(1089, 'FIGHTER'),
(1090, 'IMAGICA'),
(1091, 'LEGEND PLUS'),
(1092, '40/20/20 CITRA+LOUSIANA DYED'),
(1093, '27/20/20 ARROW+ LOUSIANA DYED'),
(1094, 'KALPATARU'),
(1095, 'ALA'),
(1096, 'MACHIS-4'),
(1097, 'BEGUM'),
(1098, 'RICH FEEL'),
(1099, 'SPYKAR'),
(1100, 'MLA'),
(1101, 'T.D.F.D.SC SHIRITNG'),
(1102, 'KHADI'),
(1103, 'ACTIVQ'),
(1104, 'PARLIAMENT'),
(1105, 'DABANG'),
(1106, 'NETAJI'),
(1107, 'PRO LINEN'),
(1108, 'AGC'),
(1109, 'HILTON'),
(1110, 'ABC-1'),
(1111, 'ABC-2'),
(1112, 'ICE LINEN-BLING'),
(1113, 'MEGA STAR'),
(1114, 'AASAN'),
(1115, 'TITAN'),
(1116, 'RADO'),
(1117, 'SNOW WHITE'),
(1118, 'WHITE MAX'),
(1119, 'PRESIDO LINEN'),
(1120, 'CLASSIC LINEN'),
(1121, 'ERTIGA'),
(1122, 'NATKHAT'),
(1123, 'LINEN VOGUE'),
(1124, 'OPPO'),
(1125, 'IRISH LINEN(CHECKS)'),
(1126, 'RAINBOW'),
(1127, 'PACKING MATERIAL (1)'),
(1128, 'PACKING MATERIAL(2)'),
(1129, 'BW SLUB'),
(1130, 'PRIME'),
(1131, 'GLOBUS'),
(1132, 'CALABRIA'),
(1133, 'OPPO+BW SLUB'),
(1134, 'KING'),
(1135, 'ACTION'),
(1136, 'PROLIN-ERTIGA'),
(1137, 'LINEN PRIDE'),
(1138, 'LINEN ZANOTTI'),
(1139, 'CASA LINEN'),
(1140, 'LINEN ZONI'),
(1141, 'DLC LINEN'),
(1142, 'LINEN GLOBAL'),
(1143, 'KING LINEN'),
(1144, 'VENUS NX'),
(1145, 'MODA LINEN'),
(1146, 'LA FERRO OUTER BOX'),
(1147, 'LA FERRO INNER BOX'),
(1148, 'PLAZA'),
(1149, 'LINEN ROYAL'),
(1150, 'LINEN SIGNA'),
(1151, 'LINEN ZOYA'),
(1152, 'LINEN FABIANO'),
(1153, 'SKY-NX PRINT'),
(1154, 'SHINE'),
(1155, '1081041'),
(1156, 'LINEN BRAVO'),
(1157, 'LICO-NX'),
(1158, 'LINEN ROMA'),
(1159, 'SANTOOR'),
(1160, 'SHAHENSHAH MIX-1'),
(1161, 'WAMA LINEN'),
(1162, 'NX-LINEN'),
(1163, 'DECCAN LINEN'),
(1164, 'DG PRINT'),
(1165, 'WHITE ROSE(JODI)'),
(1166, 'AB'),
(1167, 'WHITE ROSE SHIRTING'),
(1168, 'WHITE ROSE SUITING'),
(1169, 'PHEENA LINEN'),
(1170, 'ZILA'),
(1171, 'BREEZA LINEN'),
(1172, 'PLATINUM'),
(1173, 'BURGOYNE SHIRTING'),
(1174, 'BURGOYNE SUITING'),
(1175, 'MORETT SUITING'),
(1176, 'MORETT SHIRTING'),
(1177, 'LIZA PRINT'),
(1178, 'BENZA LINEN'),
(1179, 'FERRO LINEN'),
(1180, 'RENZO LINEN'),
(1181, 'LINEN PRINT'),
(1182, 'LUSIYANA'),
(1183, 'EUROPA LINEN'),
(1184, 'FAB LINEN'),
(1185, 'SCOTT LINEN'),
(1186, 'MORRIS SST'),
(1187, 'EGYPTIAN GIZA'),
(1188, 'HERITAGE'),
(1189, 'SUPER SKY'),
(1190, 'GOLD STAR'),
(1191, 'CAPTAIN JACK'),
(1192, 'KINGSTON'),
(1193, 'GREY COTTON DOBBY FABRICS'),
(1194, 'BANSWARA'),
(1195, 'CLASSIC SUITING'),
(1196, 'SWISS LINEN'),
(1197, 'ROYAL SUITING'),
(1198, 'DESIRE'),
(1199, 'GAZA LINEN'),
(1200, 'PRESIDENT'),
(1201, 'OMEGA'),
(1202, 'NERO LINEN (CHECKS)'),
(1203, 'STAR LINEN(CHEKCS)'),
(1204, 'STAR LINEN(STRIPES)'),
(1205, 'LINEN ZANOTTI(CHECKS)'),
(1206, 'MIX QUALITY'),
(1207, 'LINIVA TENCOT'),
(1208, 'RICARDO LINEN(STRIPES)'),
(1209, 'RICARDO LINEN(CHECKS)'),
(1210, 'COTTON PLUS'),
(1211, 'STAR LINEN(MIX CHART)'),
(1212, 'MANZA PRINT'),
(1213, 'LEE FERRO'),
(1214, 'FIZARRO LINEN'),
(1215, 'INNER+OUTER'),
(1216, 'DOBBY'),
(1217, 'SATIN RFD'),
(1218, 'MORRETT ITALIAN SHIRTING'),
(1219, 'LEE FERRO(STRIPES)'),
(1220, 'GREY RFD POLY'),
(1221, 'GREY RIO LINEN'),
(1222, 'GREY VAMA'),
(1223, 'GREY SUPREME COT'),
(1224, 'CRYSTAL WHITE SHIRTING'),
(1225, 'VAMA LINEN'),
(1226, 'ENZO PRINT'),
(1227, 'GREY SUPREVIA'),
(1228, 'GREY COSMO SHIRTING'),
(1229, 'GREY SPARK SHIRTING'),
(1230, 'RIO DIGITAL'),
(1231, '20/1 LR SLUB 100% COTTON'),
(1232, 'GREY BRUNO'),
(1233, 'GREY BRUNO STRIPES'),
(1234, 'PRINT B PCS'),
(1235, 'SHIRTING WHITE (BPCS)'),
(1236, 'LINEN BONANZA'),
(1237, 'DHANUSH'),
(1238, 'MONTANA'),
(1239, 'BERGAMO'),
(1240, 'RENZO LINEN(CHECKS)'),
(1241, 'GREY VANITY 44'),
(1242, 'IVORY SUITING'),
(1243, 'IVORY SHIRTING'),
(1244, 'IVORY(JODI)'),
(1245, 'COSMO-31(JODI)'),
(1246, 'GREY LINEN GOLD'),
(1247, '27S ARROW'),
(1248, 'VANITY'),
(1249, 'GREY KENZO'),
(1250, 'SAPPHIRE'),
(1251, 'COTTON PRINT'),
(1252, 'GREY VALENCIA'),
(1253, 'COTTON'),
(1254, 'GREY DIAMOND SUITING'),
(1255, 'GREY SPARTAN'),
(1256, 'GREY LINIVA TENCOT'),
(1257, 'GREY GRAZIA'),
(1258, 'GREY SPARK-21 SHIRTING'),
(1259, 'GREY SPARK-21 SUITING'),
(1260, 'GREY VAMA LINEN'),
(1261, 'GREY ALEXA'),
(1262, 'GLORY PRINT'),
(1263, 'TWIKER GIZA'),
(1264, 'GAMORA'),
(1265, 'GOLDY'),
(1266, 'TITAN GIZA'),
(1267, 'MAZO LINEN'),
(1268, 'ODIN GIZA'),
(1269, 'MOBI COT'),
(1270, 'CLASS COT'),
(1271, 'ATONA COT'),
(1272, 'MALIVA COT'),
(1273, 'ALEXA'),
(1274, 'MORETT CREAM(JODI)'),
(1275, 'GRAND-51(JODI)'),
(1276, 'KD PLUS'),
(1277, 'PRESTIGE'),
(1278, 'OSLO GIZA'),
(1279, 'MORETT CREAM SHIRTING'),
(1280, 'MORETT CREAM SUITING'),
(1281, 'GREY BUTTA BENITO'),
(1282, 'GREY POLY COT'),
(1283, 'GREY MAXUS'),
(1284, 'GREY CASA'),
(1285, 'GREY FANCY PLAIN'),
(1286, 'GREY LAWN BUTTA'),
(1287, 'WHITE STAR(JODI)'),
(1288, 'BIG BEN'),
(1289, 'CRYSTAL WHITE SUITING'),
(1290, 'PAPER COTTON PRINT'),
(1291, 'OZY LAWN'),
(1292, 'ZORRO COT'),
(1293, 'SKY LAWN'),
(1294, 'JAZZ LAWN'),
(1295, 'BERRY LAWN'),
(1296, 'COLGATE'),
(1297, 'EXCEL PRINT'),
(1298, 'TERRO LAWN'),
(1299, 'RUFEE LAWN'),
(1300, 'LINEN PLUS PRINT'),
(1301, 'PIMA COT'),
(1302, 'GREY MAGIC RFD'),
(1303, 'MAGIC RFD SHIRTING'),
(1304, 'ROYAL COT'),
(1305, 'ZEGNA COTTON'),
(1306, 'GREY GAZA LINEN'),
(1307, 'ZARA LAWN'),
(1308, 'VERO LAWN'),
(1309, 'KAZO LAWN'),
(1310, 'WHITE JODI(BPCS)'),
(1311, 'MAGNUM PRINT'),
(1312, 'TENCEL'),
(1313, 'GIZA COTTON'),
(1314, 'L. P. PRINT'),
(1315, 'B.W PRINT'),
(1316, 'LITTLE FOOT'),
(1317, 'JACKY PRINT'),
(1318, 'LEE CRAP'),
(1319, 'BG PRINT'),
(1320, 'SONY PRINT'),
(1321, 'TAJ COT'),
(1322, 'GREY MD LAWN'),
(1323, 'PRINT FRESH (PCS)'),
(1324, 'LAWN'),
(1325, 'GREY SNOW COT'),
(1326, 'GREY SATIN STRIPES'),
(1327, 'MM LAWN'),
(1328, 'R COT'),
(1329, 'COSMO'),
(1330, 'MORETT (JODI)'),
(1331, '2/27 COTTON RICH'),
(1332, 'RICARDO LINEN'),
(1333, 'EMPIRE GOLD'),
(1334, 'BURGOYNE (JODI)'),
(1335, 'ROMA LINEN'),
(1336, 'KHADI LINEN'),
(1337, 'WHITE LOTUS SHIRTING'),
(1338, 'WHITE LOTUS SUITING'),
(1339, 'WHITE DUCK'),
(1340, 'ELEGANCE'),
(1341, 'LUXURY PRINT'),
(1342, 'WHITE LOTUS(JODI)'),
(1343, 'FABULOUS COT'),
(1344, 'SUPREME COT'),
(1345, 'SUPREVIA COT'),
(1346, 'CENTURY COT'),
(1347, 'GLOWISH COT'),
(1348, 'ITALIA COT'),
(1349, 'GIZA COT'),
(1350, 'BRIGADIER'),
(1351, 'FERRO LINEN(CHECKS)'),
(1352, 'MORRETT ITALIAN SUITING'),
(1353, 'RFD PLATINUM'),
(1354, 'LEE FERRO(CHECKS)'),
(1355, 'SODA'),
(1356, 'COTTON PLUS (STRIPES)'),
(1357, 'COTTON PLUS (CHECKS)'),
(1358, 'CABI PRINT'),
(1359, 'RENZO LINEN(STRIPES)'),
(1360, 'ZOLA PRINT'),
(1361, 'SATIN PRINT MIX'),
(1362, 'LINEN PRINT MIX'),
(1363, 'FORTUNE'),
(1364, 'GOLD TOUCH (JODI)'),
(1365, 'VAMA'),
(1366, 'GIZA'),
(1367, 'BENITO'),
(1368, 'COTTON WHITE'),
(1369, 'ROMI PRINT'),
(1370, 'DIGITAL LIFE'),
(1371, 'WHITE TREND'),
(1372, 'MILO PRINT'),
(1373, 'GREY SUPREVIA COT'),
(1374, 'PIMA PRINT'),
(1375, 'FAB COT'),
(1376, 'ZEGNA'),
(1377, 'GREY RFD'),
(1378, 'GREY PURE GOLD'),
(1379, 'RIO LINEN'),
(1380, 'CM PLAIN'),
(1381, 'GREY EMPIRE CLASS'),
(1382, 'GREY FREDO'),
(1383, 'FREDO LINEN'),
(1384, 'SUBHEDAR'),
(1385, 'SHABNAM'),
(1386, 'SPARK 21 SUITING'),
(1387, 'SPARK 21 SHIRTING'),
(1388, 'PURE GOLD PRINT'),
(1389, 'WHITE GOLD(JODI)'),
(1390, 'WHITE KING'),
(1391, 'WHITE GOLD SUITING'),
(1392, 'WHITE GOLD SHIRTING'),
(1393, 'AVALON'),
(1394, 'GREY CAPLUR'),
(1395, 'J.J PRINT'),
(1396, 'GREY ZIDANE'),
(1397, 'LINEN LUCAS'),
(1398, 'GIZA SATIN'),
(1399, 'SATIN PRINT'),
(1400, 'GREY HUMOR COT'),
(1401, 'GREY FUTURE COT'),
(1402, 'GREY MARBELLA'),
(1403, 'GREY LINIVA'),
(1404, 'VIGO'),
(1405, 'MORINO'),
(1406, 'GREY PRESTIGE'),
(1407, 'WHITE SHINE(JODI)'),
(1408, 'GREY SATIN'),
(1409, 'MEGALAWN'),
(1410, 'GRAND-51 SHIRTING'),
(1411, 'SHIRTING PRINT(BPCS)'),
(1412, 'TIGER LEE'),
(1413, 'GREY BURBERRY LINEN'),
(1414, 'GRAZIA'),
(1415, 'DIAMOND'),
(1416, 'CREAM N CREAM'),
(1417, 'OXY GIZA'),
(1418, 'CLASSIC CREAM'),
(1419, 'AREEZO LINEN'),
(1420, 'WIKY STRIPES'),
(1421, 'PRIME COT'),
(1422, 'GREY 30/10/10 CHECKS'),
(1423, 'GREY BIG BEN'),
(1424, 'GREY SUPERLAWN'),
(1425, 'GREY SHANIL PLEATS'),
(1426, 'GREY PLEATS'),
(1427, 'CRYSTAL WHITE(JODI)'),
(1428, 'LIMO COT'),
(1429, 'GREY BURGOYNE SHIRTING'),
(1430, 'GREY BURGOYNE SUITING'),
(1431, 'OPTIMA'),
(1432, 'DOMI PRINT'),
(1433, 'PLAZO COT'),
(1434, 'LAWN BUTTA'),
(1435, 'RIZO COT'),
(1436, 'MUSTANG(JODI)'),
(1437, 'SMART-21(JODI)'),
(1438, 'LINEN PLUS PERFUME'),
(1439, 'PREMIO PERFUME'),
(1440, 'VAMA LINEN PERFUME'),
(1441, 'PRADA COTTON'),
(1442, 'ULTIMA PRINT'),
(1443, 'ROSE PRINT'),
(1444, 'MONTY PRINT'),
(1445, 'IRISH LINEN(STRIPES)'),
(1446, 'GREY W R 58'),
(1447, 'GOLD LAWN PRINT'),
(1448, 'FLORA COTTON'),
(1449, 'BRITO LAWN'),
(1450, 'GREY SHANIL 10 COL'),
(1451, 'BERRY'),
(1452, 'TERRO'),
(1453, 'SAPPHIRE PRINT'),
(1454, 'GREY RANCHO SLUB'),
(1455, 'GREY 80 SUPERLAWN'),
(1456, 'STAR KOT'),
(1457, 'LAWN EMBROIDERY'),
(1458, 'TRIO COT'),
(1459, 'GREY 2/40 BUTTA'),
(1460, 'GREY RENO BUTTA'),
(1461, 'TRITON'),
(1462, 'FAB LAWN'),
(1463, 'F LAWN'),
(1464, 'J LAWN'),
(1465, 'K LAWN'),
(1466, 'C LAWN'),
(1467, 'GREY POLY COT SATIN'),
(1468, 'EMBRACE'),
(1469, 'GREY PLAIN RFD'),
(1470, 'GREY OXFORD RFD'),
(1471, 'MD LAWN'),
(1472, 'NAWAB BUTTA'),
(1473, 'ALISHAN BUTTA'),
(1474, 'GOLDEN BUTTA'),
(1475, 'CAPTAIN PLEATS NX'),
(1476, 'TIGER PLEATS'),
(1477, 'TIGER PLEATS NX'),
(1478, 'B LAWN'),
(1479, 'V LAWN'),
(1480, 'M COT'),
(1481, 'GREY POLY SATIN RFD'),
(1482, 'GREY L PLUS SUITING'),
(1483, 'GREY KHADI SHIRTING'),
(1484, 'RUFEE PRINT'),
(1485, 'GREY COTTON SHIRTING'),
(1486, 'GREY ROSE RFD'),
(1487, 'GREY NEWTON'),
(1488, 'GREY KHADI LINEN'),
(1489, 'GREY POLY SATIN'),
(1490, 'GREY PRICOT SATIN'),
(1491, 'NEWTON PRINT'),
(1492, 'PRICOT SATIN PRINT'),
(1493, 'GREY POLY RFD'),
(1494, 'PRINCE BUTTA'),
(1495, 'GREY MIRACLE SHIRTING'),
(1496, 'GREY MIRACLE SUITING'),
(1497, 'GREY COMMANDO'),
(1498, 'GREY MODEL'),
(1499, 'GREY ENCOUNTER'),
(1500, 'BLAZE PRINT'),
(1501, 'GREY MAHARAJA COT'),
(1502, 'GREY JACGUARD'),
(1503, 'SHELDON'),
(1504, 'STERLING SHIRTING'),
(1505, 'STERLING SUITING'),
(1506, 'GREY KHADI LAWN'),
(1507, 'FORTUNE NX'),
(1508, 'GREY ZARI MIX LAWN'),
(1509, 'WORLD GIZA'),
(1510, 'FINE GIZA'),
(1511, 'ZARI PLEATS'),
(1512, 'GREY MIX ZARI'),
(1513, 'GREY FORTUNE NX'),
(1514, 'GREY ZARI DOBBY'),
(1515, 'WAVE COT'),
(1516, 'SEKU LAWN'),
(1517, 'BELLEZA'),
(1518, 'dfgdfd'),
(1519, 'SUITING RFD'),
(1520, 'FOX'),
(1521, 'WS SUITING'),
(1522, 'WS SHIRTING'),
(1523, 'GOLD COIN (JODI) BPCS'),
(1524, 'GREY COMP FORTUNE'),
(1525, 'GREY ZARI WHITE BUTTA'),
(1526, 'FILA COTTON'),
(1527, 'ZORRO'),
(1528, 'AQUA LINEN'),
(1529, 'OSCAR'),
(1530, 'GREY NEON BUTTA'),
(1531, 'COTTON POLY RFD'),
(1532, 'BUTTA'),
(1533, 'MB LAWN'),
(1534, 'GREY WHITE GOLD'),
(1535, 'GREY COTTON TENCIL'),
(1536, 'KHADI LAWN'),
(1537, 'JAIGARH'),
(1538, 'ZILANA PRINT'),
(1539, 'ALWAR BUTTA'),
(1540, 'MAZATI'),
(1541, 'ZARI LAWN'),
(1542, 'COTTON PLEATS'),
(1543, 'GREY FLEX BUTTA'),
(1544, 'GREY SHELDON WHITE'),
(1545, 'KHUSHBOO LINEN'),
(1546, 'FOXER 44(BPCS)'),
(1547, 'ZARA DIGITAL'),
(1548, 'REGAL BUTTA'),
(1549, 'MAXER 44'),
(1550, 'GREY ZARI STRIPES'),
(1551, 'LUXURY'),
(1552, 'GREY ALWAR BUTTA'),
(1553, 'GREY 22 POLY PLEATS'),
(1554, 'RADIANCE'),
(1555, 'SWEDEN NX'),
(1556, 'ASH BERRY'),
(1557, 'GREY PSF FORTUNE'),
(1558, 'GREY COT CAT FORTUNE'),
(1559, 'ALLIANCE'),
(1560, 'GREY SATIN PATTA'),
(1561, 'W GIZA SATIN'),
(1562, 'GREY VICERA'),
(1563, 'THAR COT'),
(1564, 'SAMARA LAWN'),
(1565, 'WINDSOR'),
(1566, 'GREY ARIZO COT'),
(1567, 'GREY ZYKA'),
(1568, 'GREY LEAZONE'),
(1569, 'EXCEL'),
(1570, 'RFD TWILL'),
(1571, 'GREY SATIN DOBBY'),
(1572, 'XYLO'),
(1573, 'PRIMA LAWN'),
(1574, 'MANFORD'),
(1575, 'CORD PRINT'),
(1576, 'TIMASO'),
(1577, 'GREY SILVERA 006'),
(1578, 'GREY SILVERA 001'),
(1579, 'GREY SILVERA 004'),
(1580, 'GREY LEEFARA'),
(1581, 'GREY SILVERA 007'),
(1582, 'GREY SILVERA 008'),
(1583, 'GREY SILVERA 002'),
(1584, 'GREY SILVERA 005'),
(1585, 'GREY CORDELIA'),
(1586, 'CALIBER'),
(1587, 'LUXURIA'),
(1588, 'NC COT'),
(1589, 'LEEFARO'),
(1590, 'GREY VERSA SUITING'),
(1591, 'GREY CROWN SUITING'),
(1592, 'GREY SERRA SUITING'),
(1593, 'GREY SERRA SHIRTING'),
(1594, 'GREY ROME SUITING'),
(1595, 'GREY ROME SHIRTING'),
(1596, 'GREY LINEN PATTA'),
(1597, 'GREY CADILLAC'),
(1598, '11235566'),
(1599, 'EMBROIDERY B PCS'),
(1600, 'CASPER LYCRA'),
(1601, 'GREY ICEBERRY'),
(1602, 'ATLANTIS'),
(1603, 'GREY SYDNEY SUITING'),
(1604, 'GREY TANZA SUITING'),
(1605, 'GREY SYDNEY SHIRTING'),
(1606, 'GREY RICHMOND SUITING'),
(1607, 'GREY RICHMOND SHIRTING'),
(1608, 'T BUTTA'),
(1609, 'T LAWN'),
(1610, 'AL-JAZEERA'),
(1611, 'SHAHI BUTTA'),
(1612, 'GOLD COIN'),
(1613, 'GREY RFD SHIRTING'),
(1614, 'GREY RFD SUITING'),
(1615, 'YAARI LAWN'),
(1616, 'GREY MARS'),
(1617, 'SHIRTING 2 MTR (B.PCS)'),
(1618, 'MATTY'),
(1619, 'ROSE'),
(1620, 'TWILL DIGITAL'),
(1621, 'BUTTER'),
(1622, 'POLY SATIN'),
(1623, 'MG PRINT'),
(1624, 'GREY RENO COT'),
(1625, 'GREY LUCKTREE'),
(1626, 'BC COT'),
(1627, 'ZIVA PRINT'),
(1628, 'GREY BRIGHT SHANEL'),
(1629, 'GREY SATIN GIZA'),
(1630, 'GREY POLY 23 PLEATS'),
(1631, 'GREY 50S FORTUNE'),
(1632, 'SUPER PRINT'),
(1633, 'GREY FAT SLUB'),
(1634, 'GREY TRIO COT'),
(1635, 'GREY ZARI PLEATS'),
(1636, 'GREY RAINBOW ZARI'),
(1637, 'MIRACLE ( JODI )'),
(1638, 'GREY COTTON VENTURE'),
(1639, 'DAZZLE'),
(1640, 'WHITE SHINE SHIRTING'),
(1641, 'WHITE SHINE SUITING'),
(1642, 'GREY COTTON'),
(1643, 'GREY PILOT PLEATS'),
(1644, 'GREY GLITTER PLEATS'),
(1645, 'RFD FOX'),
(1646, 'FOXER 44'),
(1647, 'GREY COTTON LINEN'),
(1648, 'GREY ZARI COT LOOK BUTTA'),
(1649, 'VIVANTA'),
(1650, 'DUNHILL LINEN'),
(1651, '80 LEA'),
(1652, 'SPANISH COTTON'),
(1653, 'COSTA LINEN'),
(1654, 'GREY SEAWOODS'),
(1655, 'ZARA LINEN'),
(1656, 'ZODAIC LINEN'),
(1657, 'GREY ZARI PATTA'),
(1658, 'GREY MOZARO'),
(1659, 'GREY LYCRA FORTUNE'),
(1660, 'ASTRO COTTON'),
(1661, 'GREY COTTON STRIPES'),
(1662, 'NEON BUTTA'),
(1663, 'LAWN EMB \"B\" PCS'),
(1664, 'MAKER'),
(1665, 'RIZA LAWN BPCS'),
(1666, 'GREY LONG SLUB RFD'),
(1667, 'DUCATI'),
(1668, 'GREY COTTON MODAL'),
(1669, 'GREY LENCIL GIZA'),
(1670, 'GREY 80 X 80 LAWN'),
(1671, 'GREY BOURNVILLA LINEN'),
(1672, 'WHITE SUITING (B PCS )'),
(1673, 'WHITE SHIRTING ( B PCS )'),
(1674, 'SHIRTING 1.60 MIX PCS'),
(1675, 'SEQUENCE EMB'),
(1676, 'EMBROIDERY'),
(1677, 'GREY COTTON 18 PLEATS'),
(1678, 'GREY SATIN PATTA LAWN'),
(1679, 'GREY 40 MODAL'),
(1680, 'GREY CC AADA PATTA'),
(1681, 'GREY PSF AADA PATTA'),
(1682, 'VAZIR LAWN'),
(1683, 'L. P. SHIRTING'),
(1684, 'GREY WIKTOR GIZA'),
(1685, 'L. P. SUITING'),
(1686, 'GREY VISCOSE SILKY FORTUNE'),
(1687, 'GREY POLY LAWN BUTTA'),
(1688, 'GREY CATONIC AADA PATTA'),
(1689, 'GREY GIMAZO VISCOSE'),
(1690, 'GREY BEAMER'),
(1691, 'GREY 16 POLY PLEATS'),
(1692, 'GREY CHECKS SHELDON'),
(1693, 'GREY VISCOSE SLUB'),
(1694, 'GREY VIZAMI JACQUARD'),
(1695, 'GREY DENZIL'),
(1696, 'BRANBERRYBRANBERRY'),
(1697, 'MANTIS'),
(1698, 'GREY VIZAMI'),
(1699, 'GREY OPTIMUS'),
(1700, 'SST ( B.PCS )'),
(1701, 'SHIRTING 1.60 PCS'),
(1702, 'GREY LEEFARA 002'),
(1703, 'GREY BAAZILO 001'),
(1704, 'GREY COSTANA 004'),
(1705, 'GREY LEEFARA 007'),
(1706, 'GREY LEEFARA 008'),
(1707, 'GREY LEEFARA 006'),
(1708, 'GREY SILVERA 003'),
(1709, 'GREY COSTANA 003'),
(1710, 'GREY COSTANA 001'),
(1711, 'GREY COSTANA 002'),
(1712, 'GREY LEEFARA 001'),
(1713, 'ANTILLA'),
(1714, 'GREY SEEYARA 002'),
(1715, 'GREY DELLA 001'),
(1716, 'GREY GRIMAZI'),
(1717, 'GREY LAWN STRIPES'),
(1718, 'GREY CROWN SHIRTING'),
(1719, 'GREY MEXICO SHIRTING'),
(1720, 'GREY VERSA SHIRTING'),
(1721, 'FLORIDA'),
(1722, 'RIZETA LAWN YELLOW'),
(1723, 'SILVERA'),
(1724, 'LEEFARA'),
(1725, 'ARIZO COT'),
(1726, 'ARIZO COT YELLOW'),
(1727, 'FRANCIS'),
(1728, 'CRYSTAL SHIRITING'),
(1729, 'SERRA SHIRTING'),
(1730, 'VERSA SHIRTING'),
(1731, 'CROWN SUITING'),
(1732, 'CRYSTAL SUITING'),
(1733, 'VERSA SUITING'),
(1734, 'BENZER'),
(1735, 'GREY TANZA SHIRTING'),
(1736, 'DENZA COT'),
(1737, 'CORDELIA'),
(1738, 'USTAAD'),
(1739, 'HAVANA'),
(1740, 'DUMMY'),
(1741, 'DUMMY1'),
(1742, 'FORUM'),
(1743, 'TIMBER'),
(1744, 'GRACE LINEN'),
(1745, 'SHIRTING 2END'),
(1746, 'SILKY TOUCH(CHECKS+TRIPES)'),
(1747, 'SPECTRA'),
(1748, 'SWISS LINEN(CHECKS)'),
(1749, 'SWISS LINEN(STRIPES)'),
(1750, 'WHITE ZONE'),
(1751, 'FUTURE COT'),
(1752, 'VELIERO LINEN'),
(1753, 'COTTON VENTURE'),
(1754, 'MAJOR'),
(1755, 'ROMA LINEN(CREAM)'),
(1756, 'SILVER TOUCH SUITING'),
(1757, 'SILVER TOUCH SHIRTING'),
(1758, 'EMPIRE GOLD(STRIPES)'),
(1759, 'XYZ'),
(1760, 'FILA PRINT'),
(1761, 'SILVER TOUCH(JODI)'),
(1762, 'HUMOR FINE COT'),
(1763, 'EMPIRE GOLD(CHECKS)'),
(1764, 'GREY CENTURY COT'),
(1765, 'GREY ZEGNA'),
(1766, 'GREY BENITO'),
(1767, 'DAVIS LINEN'),
(1768, 'GREY ACTION'),
(1769, 'JET CLASS'),
(1770, 'GREY GIZA'),
(1771, 'GREY FABCOT'),
(1772, 'VISA LINEN'),
(1773, 'SCOTT LINEN (CHECKS)'),
(1774, 'GREY MONTANA'),
(1775, 'GREY RICARDO'),
(1776, 'WIKTOR GIZA'),
(1777, 'GREY 2 TAR CHECKS'),
(1778, 'GREY BRUNO CHECKS'),
(1779, 'GREY RICARDO CHECKS'),
(1780, 'GREY SPARK SUITING'),
(1781, 'GREY COSMO SUITING'),
(1782, 'KHADI LINEN (STRIPES)'),
(1783, 'KHADI LINEN (STRIPES & CHECKS)'),
(1784, 'BRUNO LINEN(STRIPES)'),
(1785, 'BRUNO LINEN(CHECKS)'),
(1786, 'STAR CAP LINEN(STRIPES)'),
(1787, 'STAR CAP LINEN(CHECKS)'),
(1788, 'BRUNO LINEN'),
(1789, 'GREY DAVIS STRIPES'),
(1790, 'GREY DAVIS CHECKS'),
(1791, 'GREY AVALON'),
(1792, 'GREY ZURI'),
(1793, 'MORIZO'),
(1794, 'MAGNUM'),
(1795, 'GREY STAR SILKY'),
(1796, 'GREY STRIP'),
(1797, 'GREY CHEX'),
(1798, 'GREY CLOTH NEW'),
(1799, 'ANCHOR'),
(1800, 'MEGA LINEN(CHECKS)'),
(1801, 'LINEN COLLECTION(CHECKS)'),
(1802, 'LINEN COLLECTION(STRIPES)'),
(1803, 'WH GOLD SUITING'),
(1804, 'WH GOLD SHIRTING'),
(1805, 'GREY EUROPEAN'),
(1806, 'GREY VIGO'),
(1807, 'ZURI'),
(1808, 'PREMIO'),
(1809, 'GREY MEGALAWN'),
(1810, 'GREY K-LIFE'),
(1811, 'AMORA'),
(1812, 'GREY MORETT SHIRTING'),
(1813, 'GREY MORETT SUITING'),
(1814, 'GREY BENITO LINEN'),
(1815, 'VIGA PRINT'),
(1816, 'GREY KENZO LINEN'),
(1817, 'GREY GOLD TOUCH'),
(1818, 'GREY SHEZADA LAWN'),
(1819, 'GREY FORTUNE'),
(1820, 'SUPER COOL WHITE'),
(1821, 'GREY ZORRO COT'),
(1822, 'GREY RIZO COT'),
(1823, 'ALPHA PRINT'),
(1824, 'KINO PRINT'),
(1825, 'GREY WH GOLD SHIRTING'),
(1826, 'GREY WH GOLD SUITING'),
(1827, 'GREY 80S OZONE COT'),
(1828, 'GREY 100S TURKISH COT'),
(1829, 'GREY PC PLAIN'),
(1830, 'GREY 20S PLAIN SHIRTING'),
(1831, 'GREY 20 LV SHIRTING'),
(1832, 'GREY LAWN NB'),
(1833, 'PAPER COTTON'),
(1834, 'LINEN FILL'),
(1835, 'LAWN PRINT'),
(1836, 'OZONE COT'),
(1837, 'TURKISH COT'),
(1838, 'GREY CRYSTAL SHRITING'),
(1839, 'GREY CRYSTAL SUITING'),
(1840, 'GREY GLAMOUR SHIRTING'),
(1841, 'GREY GLAMOUR SUITING'),
(1842, 'GREY SOLEMO'),
(1843, 'GLANZA'),
(1844, 'SUPER LAWN'),
(1845, '20 SHIRTING'),
(1846, 'AZY LAWN'),
(1847, 'VEGA'),
(1848, 'GREY VAARIS'),
(1849, 'AXEL COT'),
(1850, 'MAXUS'),
(1851, 'GREY COT LOOK PLEATS'),
(1852, 'GREY VEGA PLEATS'),
(1853, 'GREY COMP PLEATS'),
(1854, 'P R WHITE'),
(1855, 'ELIVYA SHIRTING'),
(1856, 'LORENCE GIZA'),
(1857, 'PRADA PRINT'),
(1858, 'MAX PRINT'),
(1859, 'FINISH FABRIC'),
(1860, 'ZORITO'),
(1861, 'LINEN PRINCE'),
(1862, 'ARMANI LINEN'),
(1863, 'GIZA PRINT'),
(1864, 'SIGMA LAWN'),
(1865, 'EGYPTIAN PRINT'),
(1866, 'BERGAMO PRINT'),
(1867, 'L. G. PRINT'),
(1868, 'SULTAN'),
(1869, 'GLANZA PRINT'),
(1870, 'COT'),
(1871, 'RIVA LINEN'),
(1872, 'GOLD PRINT'),
(1873, 'SERO PRINT'),
(1874, 'KT LAWN'),
(1875, 'FLEX NATURAL'),
(1876, 'LINEN TOUCH'),
(1877, 'MARVEL'),
(1878, 'FERO LAWN'),
(1879, 'RIZO LAWN'),
(1880, 'EURO LAWN'),
(1881, 'AXEL PRINT'),
(1882, 'SHANEL COT'),
(1883, 'BENITO PRINT'),
(1884, 'FLORA PRINT'),
(1885, '02-POST SALE DISCOUNT'),
(1886, '07-OTHERS'),
(1887, 'NOT FOUND'),
(1888, 'GOLD COIN (JODI)'),
(1889, 'ZONI PRINT'),
(1890, 'MD PRINT'),
(1891, 'CHINDI'),
(1892, 'KATRAN'),
(1893, 'NEWTON'),
(1894, 'PRICOT SATIN'),
(1895, 'GREY PRICOT SATIN RFD'),
(1896, 'GREY NEWTON RFD'),
(1897, 'GREY MATTY RFD'),
(1898, 'GREY POLY COT PLAIN'),
(1899, 'GREY SAUDI GIZA'),
(1900, 'GREY COT JACQUARD'),
(1901, 'GREY RIZA LAWN'),
(1902, 'GREY POLY PLEATS'),
(1903, 'GREY WS SUITING'),
(1904, 'GREY WS SHIRTING'),
(1905, 'FLEX'),
(1906, 'SAUDI GIZA'),
(1907, 'GREY 16 PLEATS'),
(1908, 'RIZA LAWN'),
(1909, 'GREY SALVADOR GIZA'),
(1910, 'GREY ZARI BUTTA'),
(1911, 'REGENCY'),
(1912, 'GREY RIVAZA'),
(1913, 'ROYAL SHIRTING'),
(1914, 'GREY STAR KOT'),
(1915, 'FINISH LAWN'),
(1916, 'BUTTA HOLL'),
(1917, 'GREY SEQUENCE ZARI'),
(1918, 'KHADI CHECKS'),
(1919, 'KHADI PLAIN'),
(1920, 'GREY AMORA'),
(1921, 'GREY BUTTA PLEATS'),
(1922, 'GREY CRUSH ZARI'),
(1923, 'GREY ZARI SEQUENCE'),
(1924, 'GREY DAZZLE'),
(1925, 'STREET GIZA'),
(1926, 'GREY TENCEL COTTON'),
(1927, 'TRINITY GIZA'),
(1928, 'N-70'),
(1929, 'WEIGHT LESS'),
(1930, 'GREY BUTTA'),
(1931, 'SEA WOOD'),
(1932, 'GREY 20 RFD SHIRTING'),
(1933, 'RFD POLY COT'),
(1934, 'GREY COTTON GIZA'),
(1935, 'GREY DULL COTTON DOBBY'),
(1936, 'LONG SLUB RFD'),
(1937, 'YUVA LAWN'),
(1938, 'GREY BOURNVILLA'),
(1939, 'GREY PRIMEROSE LENCIL'),
(1940, 'GREY POLY LYCRA PATTA'),
(1941, '80 LAWN'),
(1942, 'GREY COLOUR KHADI PIAIN'),
(1943, 'GREY ZARI CHECKS'),
(1944, 'GREY NEON PATTA'),
(1945, 'OSCAR JODI'),
(1946, 'MOZARO'),
(1947, 'GREY COTTON LAWN'),
(1948, 'LEXA'),
(1949, 'GREY POLY X COTTON'),
(1950, 'CORDELA'),
(1951, 'ASTER LYCRA'),
(1952, 'GIZA LENCIL'),
(1953, 'HENRY LYCRA'),
(1954, 'WILLIAM LYCRA'),
(1955, 'LEO LYCRA'),
(1956, 'HAZEL LYCRA'),
(1957, 'GREY WORLD GIZA'),
(1958, 'GREY URDU LAWN'),
(1959, 'GREY WHITE SHELDON'),
(1960, 'GREY COTTON LAPET'),
(1961, 'GREY VISCOSE FORTUNE'),
(1962, 'GREY COTTON PLEATS'),
(1963, 'GREY MATRIX'),
(1964, 'OCEAN COT'),
(1965, 'ADANA COT'),
(1966, 'SEA LIFE'),
(1967, 'LEAZONE'),
(1968, 'STAR GAZE'),
(1969, 'BAAZI LAWN'),
(1970, 'GREY BRANBERRY'),
(1971, 'FORTUNE PRINT'),
(1972, 'BORRIS'),
(1973, 'GREY FORTUNE BUTTA'),
(1974, 'PRIMUS'),
(1975, 'GIZA LAWN PRINT'),
(1976, 'NEWTON SATIN'),
(1977, 'B THAN MIX (SST)'),
(1978, 'GREY PC SHELDON'),
(1979, 'SAMARA'),
(1980, 'SATIN DIGITAL'),
(1981, 'MATTY DIGITAL'),
(1982, 'GREY NATURAL COTTON'),
(1983, 'STERLING(JODI)'),
(1984, 'MAJESTY'),
(1985, 'JP PRINT'),
(1986, 'GREY TWILL RFD'),
(1987, 'GREY SEEYARA 001'),
(1988, 'GREY LEEFARA 003'),
(1989, 'GREY LEEFARA 005'),
(1990, 'RIZANA'),
(1991, 'GREY LEEFARA 004'),
(1992, 'DENZEL'),
(1993, 'LAWN BUTTA YELLOW'),
(1994, 'MENSA'),
(1995, 'GREY DELLA 002'),
(1996, 'GREY 50 COTLIN DOBBY'),
(1997, 'GREY WIKY STRIPES'),
(1998, 'GREY LAWN CHECKS'),
(1999, 'DAZZLE YELLOW'),
(2000, 'STRIPE LAWN YELLOW'),
(2001, 'GREY POLY LYCRA'),
(2002, 'GREY FERRIS'),
(2003, 'GREY EGY GIZA SUITING'),
(2004, 'WHITE PRIME (JODI)'),
(2005, 'UNITED'),
(2006, 'GALAXY'),
(2007, 'VERSA ( JODI )'),
(2008, 'SERRA ( JODI)'),
(2009, 'GREY 30 SLUB SHIRTING'),
(2010, 'ROSE COT'),
(2011, 'GRAHAM'),
(2012, 'DUMMY2'),
(2013, 'DUMMY3'),
(2014, 'PASHA LAWN'),
(2015, 'GREY SATIN LYERA'),
(2016, 'CAIRO SHIRTING'),
(2017, 'GREY IMMAM PATTA'),
(2018, 'GREY APITOMS'),
(2019, 'GREY COTTON SAFARI'),
(2020, 'GREY POLY CRUSH'),
(2021, 'GREY 70 GIZA'),
(2022, 'GREY COOL BERRY'),
(2023, 'GREY GIZA LENCIL');

-- --------------------------------------------------------

--
-- Table structure for table `test_data_data`
--

CREATE TABLE `test_data_data` (
  `ID` int(11) NOT NULL,
  `Label` varchar(255) NOT NULL
) ENGINE=InnoDB DEFAULT CHARSET=latin1;

--
-- Dumping data for table `test_data_data`
--

INSERT INTO `test_data_data` (`ID`, `Label`) VALUES
(3, 'SHIRTING B FABRIC'),
(4, 'SATIN'),
(5, 'LINERA'),
(6, 'GREY CASPER LYERA'),
(7, 'ROME SHIRTING'),
(8, 'SATIN STRIPES'),
(9, 'FRANCO'),
(10, 'GREY PC TWILL'),
(11, 'RICHMOND (JODI)'),
(12, 'GENEVA'),
(13, 'GREY SIERA'),
(14, 'GREY GIMAZO'),
(15, 'GREY NEKTOR'),
(16, 'GREY COT CRUSH'),
(17, 'GREY VIKING'),
(18, 'GREY WG SUITING'),
(19, 'GREY WG SHIRTING'),
(20, 'ZILLION'),
(21, 'GREY LAMASO'),
(22, 'GREY FRANCO'),
(23, 'PUFFER'),
(24, 'GREY TRACK'),
(25, 'INTENCE'),
(26, 'WOOD STONE'),
(27, 'MAXER (JODI)'),
(28, 'BUTTA LAWN'),
(29, 'SOLAR (STARCH)'),
(30, 'MILES (STARCH)'),
(31, 'SOLAR'),
(32, 'PRIMUS (STARCH)'),
(33, '70*70 LAWN'),
(34, 'VERINO'),
(35, 'AURIS SUITING'),
(36, 'GREY REGINA COT'),
(37, 'GREY VIZA LAWN'),
(38, 'GREY BLOOM'),
(39, 'WISTERIA'),
(40, 'FAME LYCRA'),
(41, 'GREY VARIANT'),
(42, '60/1 COTTON COMPACT WEAVING'),
(43, 'REGALIA'),
(44, 'ARMADA'),
(45, 'SFWEFF'),
(46, 'GREY TAURAS'),
(47, 'SUPERMARIO'),
(48, 'PALACE BUTTA'),
(49, 'PARKER PRINT'),
(50, 'NIKON GIZA'),
(51, 'HAVANA (B PCS)'),
(52, 'HECTOR (B PCS)'),
(53, 'LEXA (B PCS)'),
(54, 'LUXURIA (B PCS)'),
(55, 'MANTIS (B PCS)'),
(56, 'FENT'),
(57, 'VAZIR'),
(58, 'RAYON SEQUENCE'),
(59, 'GREY APRICOT SUITING'),
(60, 'ASTRON DIGITAL'),
(61, 'SILKON'),
(62, 'SEAFORD'),
(63, 'APRICOT SUITING'),
(64, 'APRICOT SHIRTING'),
(65, 'TROJAN'),
(66, 'GREY BOSTON'),
(67, 'VIRAT'),
(68, 'GREY CREST'),
(69, 'GREY BLOSSOM'),
(70, 'HUMBLE'),
(71, 'HERMIT'),
(72, 'RAYON SCHIFLEY'),
(73, 'FORTIS'),
(74, 'GREY CARDIFF SHIRTING'),
(75, 'LIBERTY'),
(76, 'LORAS'),
(77, 'MEXICO SHIRTING'),
(78, 'MEXICO SUITING'),
(79, 'TANZA SHIRTING'),
(80, 'TANZA SUITING'),
(81, 'CARDIFF SHIRTING'),
(82, 'CARDIFF SUITING'),
(83, 'SYDNEY SHIRITNG'),
(84, 'SYDNEY SUITING'),
(85, 'COLOMBO SHIRTING'),
(86, 'COLOMBO SUITING'),
(87, 'RICHMOND SHIRTING'),
(88, 'RICHMOND SUITING'),
(89, 'COSTANA'),
(90, 'ROME SUITING'),
(91, 'CEELANA'),
(92, 'GREY LENCILA'),
(93, 'TORRIS'),
(94, 'GREY REGALIA'),
(95, 'GREY URICO'),
(96, 'ICONIC'),
(97, 'SOL'),
(98, 'GRACE'),
(99, 'CABANA'),
(100, 'EVA'),
(101, 'WILZARD'),
(102, 'ROX'),
(103, 'MAXER SHIRTING'),
(104, 'MAXER SUITING'),
(105, 'LENCILA'),
(106, 'GREY BILBERRY'),
(107, 'GREY BERRY LAWN'),
(108, 'CORAL'),
(109, 'ZODIAC LINEN'),
(110, 'MORETT BLACK (JODI)'),
(111, 'MORETT WHITE & BLACK (JODI)'),
(112, 'PATHANI'),
(113, 'GREY ROVER'),
(114, 'ALTON'),
(115, 'GREY BARNET'),
(116, 'GREY ATHER'),
(117, 'GLORIOUS'),
(118, 'AKBAR BUTTA'),
(119, 'DIGITAL PRINT'),
(120, 'ORINTEX'),
(121, 'LINOVA'),
(122, 'DERBY'),
(123, 'BATTLE'),
(124, 'LEWIS'),
(125, 'PEDRO'),
(126, 'ERIK'),
(127, 'CONNER'),
(128, 'HARVEY'),
(129, 'GLEN'),
(130, 'HAROLD'),
(131, 'VARIANT'),
(132, 'GREY SEAFORD'),
(133, 'GREY FOSSIL'),
(134, 'GREY TROPICAL'),
(135, 'GREY CASPER LYCRA'),
(136, 'RETRO'),
(137, 'MORANO'),
(138, 'HUDSON'),
(139, 'GREY PARIS'),
(140, 'VINCENT'),
(141, 'BENJAMIN'),
(142, 'RUMI'),
(143, 'SOFARA'),
(144, 'FOSSIL'),
(145, 'VALLEY'),
(146, 'GREY JORDAN'),
(147, 'TROPICAL'),
(148, 'PARIS'),
(149, 'BANGLORY'),
(150, 'VISCOS GEORGETTE'),
(151, 'LINO STARCH WHITE'),
(152, 'MALAI'),
(153, 'GREY SUNRISE SUITING'),
(154, 'GREY SUNRISE SHIRTING'),
(155, 'KURTA - WHITE FABRICS'),
(156, 'TAKEN'),
(157, 'ZEEBA COTTON'),
(158, 'KING BUTTA'),
(159, 'zede'),
(160, 'MUNCH'),
(161, 'GREY STERLING SHIRTING'),
(162, 'GREY STERLING SUITING'),
(163, 'GREY LP SHIRTING'),
(164, 'MIRACLE SHIRTING'),
(165, 'MIRACLE SUITING'),
(166, 'GREY IVORY SHIRTING'),
(167, 'GREY IVORY SUITING'),
(168, 'MARS'),
(169, 'GREY COT CAT PLEATS'),
(170, 'DANISH COTTON'),
(171, 'GREY 23 PLEATS'),
(172, 'GREY SHELDON'),
(173, 'ROYAL BUTTA'),
(174, 'ROYAL PRINT'),
(175, 'WINI PRINT'),
(176, 'GREY COPPER ZARI'),
(177, 'MOTHER TOUCH'),
(178, 'GREY SUPER GOLD'),
(179, 'GREY STUDIO'),
(180, 'SOMET DIGITAL'),
(181, 'GREY CRUSH'),
(182, 'GREY BELLEZA'),
(183, 'GREY 23 POLY PLEATS'),
(184, 'GREY RFD TWILL'),
(185, 'SHIRTING BUTTA (B.PCS)'),
(186, 'AADA PATTA'),
(187, 'NEXON'),
(188, 'BUTTA BPCS'),
(189, 'GREY TRINITY'),
(190, 'GREY LYCRA'),
(191, 'MODAL'),
(192, 'LORENZO LINEN'),
(193, 'BURBERRY-1'),
(194, 'BURBERRY-3'),
(195, 'BURBERRY-5'),
(196, 'BURBERRY-2'),
(197, 'HT RFD SHIRTING'),
(198, 'BURBERRY-4'),
(199, 'CHIVASSO LINEN'),
(200, 'MAZE LINEN'),
(201, 'MOCKLINO LINEN'),
(202, 'CARNIVAL COT'),
(203, 'ALDO LINEN'),
(204, 'ENRICH COTTON'),
(205, 'GREY POLY STRIPES'),
(206, 'VEERO LINEN'),
(207, 'GREY SAMPLE'),
(208, 'ASAVI LAWN'),
(209, 'MAKHAN BHOG'),
(210, 'GREY CUT ZARI'),
(211, 'BEAMER'),
(212, 'FLORENCE'),
(213, 'FLARE'),
(214, 'TRINITY'),
(215, 'SWEDEN'),
(216, 'GREY SLUB COMP'),
(217, 'PRIME ROSE'),
(218, 'BOURNVILLA'),
(219, 'GREY TD BUTTA'),
(220, 'GREY ZARI SHELDON'),
(221, 'COTTON GIZA'),
(222, 'DONNY COTTON'),
(223, 'ROVI LAWN'),
(224, 'SERRA PRINT'),
(225, 'CASCADE'),
(226, 'CONIFER'),
(227, 'GREY LAWN COMP PATTA'),
(228, 'GREY VISCOSE SILKY AADA PATTA'),
(229, 'GREY COT CAT AADA PATTA'),
(230, 'BUTTA BPCS (1.6 CUT )'),
(231, 'MANCHESTER'),
(232, 'GREY VISCOSA'),
(233, 'GREY LORDS COT'),
(234, 'KRIMSON'),
(235, 'COPPER'),
(236, 'LYCRA-1'),
(237, 'LYCRA-2'),
(238, 'LYCRA-3'),
(239, 'PHANTOM'),
(240, 'NIMBUS'),
(241, 'SAHI BUTTA'),
(242, 'CADILLAC'),
(243, 'SHAHENSHAH'),
(244, 'GIMAZO'),
(245, 'VIZAMI'),
(246, 'OPTIMUS'),
(247, 'VICERA'),
(248, 'GREY ARIZO LAWN'),
(249, 'PLEAT'),
(250, 'MONIKA'),
(251, 'VISCOSA'),
(252, 'LORDS COT'),
(253, 'GREY PRIMUS'),
(254, 'BRANBERRY'),
(255, 'FT PRINT'),
(256, 'NT PRINT'),
(257, 'FERRIS'),
(258, 'ARISTOCRAT'),
(259, 'FIESTA'),
(260, 'CELLO'),
(261, 'GREY FRANCIS'),
(262, 'GREY FLORIDA'),
(263, 'WHITE JODI(NO BOX)'),
(264, 'MORANA'),
(265, 'RIZETA LAWN'),
(266, 'CROWN SHIRTING'),
(267, 'FLORIDA GIZA LAWN'),
(268, 'MILANO'),
(269, 'ARABIA'),
(270, 'BLUE BERRY WHITE'),
(271, 'GREY LINEN STRIPES'),
(272, 'GREY DENZA COT'),
(273, 'WHITE JODI( SST BOX)'),
(274, 'CROWN (JODI)'),
(275, 'SERRA SUITING'),
(276, 'GREY CAIRO SUITING'),
(277, 'GREY COLOMBO SUITING'),
(278, 'GREY CARDIFF SUITING'),
(279, 'GREY CAIRO SHIRTING'),
(280, 'GREY COLOMBO SHIRTING'),
(281, 'GREY MEXICO SUITING'),
(282, 'GREY SOLITAIRE PATTA'),
(283, 'CAIRO SUITING'),
(284, 'ARIZO COT WHITE'),
(285, 'LAWN BUTTA WHITE'),
(286, 'CONIFER WHITE'),
(287, 'RIZETA LAWN WHITE'),
(288, 'GREY SOLITAIRE CHECKS'),
(289, 'GREY CARIO SHIRTING'),
(290, 'ASTRA'),
(291, 'IMPALA'),
(292, 'ICE BERRY'),
(293, 'GREY ICONIC'),
(294, 'EGY GIZA SUITING'),
(295, 'SIERA'),
(296, 'POLY TWILL'),
(297, 'GREY CEELANA'),
(298, 'GREY COTTON CRUSH'),
(299, 'NEKTOR'),
(300, 'GREY SWEDEN'),
(301, 'GREY CAMEL'),
(302, 'GREY SOL'),
(303, 'GREY ZILLION'),
(304, 'GREY ROX'),
(305, 'GREY ROADSTER'),
(306, 'GREY SNOW BERRY'),
(307, 'GREY RALCO'),
(308, 'ROVER'),
(309, 'GREY SOLAR PC.'),
(310, 'GREY MILES PC'),
(311, 'GREY PRIMUS SUITING'),
(312, 'URICO'),
(313, 'BILBERRY'),
(314, '44 LEE'),
(315, 'VIKING'),
(316, 'BERLIN'),
(317, 'GREY LEENO'),
(318, 'GREY FENCER'),
(319, 'RODEO'),
(320, 'DAFFODIL'),
(321, 'ENFIELD'),
(322, 'GREY MORANO'),
(323, 'GREY MURPHY'),
(324, 'SNOW BERRY'),
(325, 'LAMASO'),
(326, 'BEVERLY'),
(327, 'CENTARO'),
(328, 'REGINA COT'),
(329, 'VIZA LAWN'),
(330, 'BLOOM'),
(331, 'GREY VALLEY'),
(332, 'HECTOR'),
(333, 'SPANISH GIZA'),
(334, 'LAVISH BUTTA'),
(335, 'NETAJI ZARI'),
(336, 'GREY GLAZO'),
(337, 'VELVET'),
(338, 'GREY APRICOT SHIRTING'),
(339, 'GREY WINDSOR'),
(340, 'VISTARA'),
(341, 'VALENTINE'),
(342, 'VIRGO'),
(343, 'VELVETA'),
(344, 'GREY HAZEL LYCRA'),
(345, 'GREY ASTER LYCRA'),
(346, 'GREY ZENITH'),
(347, 'COBRA SATIN'),
(348, 'HUMMER'),
(349, 'BLACK FOREST'),
(350, 'KOBRA CODING'),
(351, '40/1 COTTON COMPACT WEAVING'),
(352, 'MARSHAL B JODI'),
(353, 'ORRY PRINT'),
(354, 'GREY SILVER SHIRTING'),
(355, 'GREY SILVER SUITING'),
(356, 'HEAVY BUTTA'),
(357, 'DELLA'),
(358, 'MAHALAXMI COTTON'),
(359, 'ORION'),
(360, 'MELVIN'),
(361, 'FELIX'),
(362, 'CRUZ'),
(363, 'MARLOW'),
(364, 'LORDS'),
(365, 'TAURAS'),
(366, 'AURA'),
(367, 'DIGITAL LAWN'),
(368, 'SUPRA'),
(369, 'GREY WILZARD'),
(370, 'COOL BERRY'),
(371, 'VIN BERRY'),
(372, 'SEVEN STAR'),
(373, 'GREY PUFFER'),
(374, 'GREY MAZATI'),
(375, 'COMBAT'),
(376, 'GREY MAXER SUITING'),
(377, 'GREY MAXER SHIRTING'),
(378, 'MEXICO (JODI)'),
(379, 'GREY ASTRA'),
(380, 'GREY CABANA'),
(381, 'GREY GRACE'),
(382, 'GREY EVA'),
(383, 'GREY BERLIN'),
(384, 'DREAM LYCRA'),
(385, 'GREY CENTARO'),
(386, 'GREY SUMMER SKY'),
(387, 'GREY REGENCY'),
(388, 'GREY RETRO'),
(389, 'MOON WHITE'),
(390, 'APRICOT (JODI)'),
(391, 'GREY ARMADA'),
(392, 'GREY MYSTIC'),
(393, 'ROADSTER'),
(394, 'TRACK'),
(395, 'MILES'),
(396, '61S CDB COMP SICO  A - SINTEX'),
(397, 'HUMOR COT'),
(398, 'FENCER'),
(399, 'DOODLES'),
(400, 'CUBA'),
(401, 'ELSA'),
(402, 'DUBAI GIZA'),
(403, 'GERMAN GIZA'),
(404, 'ROMAN GIZA'),
(405, 'LISBON GIZA'),
(406, 'TURKEY GIZA'),
(407, 'MUSCAT GIZA'),
(408, 'GREY PV TWILL'),
(409, 'B SHIRTING'),
(410, 'MAXER (B PCS)'),
(411, 'BRANCE GIZA'),
(412, 'SPECTRUM'),
(413, 'MURPHY'),
(414, 'SUMMER SKY'),
(415, 'MARLIN'),
(416, 'GREY DENVER'),
(417, 'KURTA - DYED FABRICS'),
(418, 'HEXA EMB'),
(419, 'POLO DIGITAL'),
(420, 'KOBRA PANEL'),
(421, 'HYDEN'),
(422, 'UPTON'),
(423, 'SHIRTING - DYED FABRICS'),
(424, 'GREY RETRO SHIRTING'),
(425, 'GREY RETRO SUITING'),
(426, 'GREY HARMONY SHIRTING'),
(427, 'GREY HARMONY SUITING'),
(428, 'DARWIN'),
(429, 'ETHAN'),
(430, 'TOBIAS'),
(431, 'BARNDON'),
(432, '7044'),
(433, '7045'),
(434, '7046'),
(435, '7047'),
(436, '7048'),
(437, '7049'),
(438, '7051'),
(439, '7052'),
(440, '7053'),
(441, '7054'),
(442, '7055'),
(443, '7056'),
(444, '7057'),
(445, '7058'),
(446, '7059'),
(447, '7060'),
(448, '7061'),
(449, '7062'),
(450, '7063'),
(451, '10006'),
(452, '10007'),
(453, '10008'),
(454, '10009'),
(455, '10010'),
(456, '10011'),
(457, '10012'),
(458, '10013'),
(459, '10014'),
(460, '10015'),
(461, '10016'),
(462, '10017'),
(463, '10018'),
(464, '10019'),
(465, '10020'),
(466, '10021'),
(467, '10022'),
(468, '10023'),
(469, '10024'),
(470, 'PRIME MINISTER'),
(471, '60 X12 GREY 63\"'),
(472, 'COTTON X PC'),
(473, 'BRIGHT SUITING'),
(474, 'MAHARAJA'),
(475, 'LINEN WORLD'),
(476, '10059'),
(477, '10055'),
(478, '10056'),
(479, '10057'),
(480, '10058'),
(481, '10060'),
(482, '10061'),
(483, '10062'),
(484, '10063'),
(485, '10064'),
(486, '10065'),
(487, '10066'),
(488, '10067'),
(489, 'SAFED'),
(490, 'ROCKY'),
(491, 'MASTER'),
(492, 'S-4'),
(493, 'WHITE SHINE'),
(494, '10079'),
(495, '10086'),
(496, '10085'),
(497, '10082'),
(498, '10087'),
(499, '10080'),
(500, '10083'),
(501, '10088'),
(502, '10089'),
(503, '10081'),
(504, '10078'),
(505, '10084'),
(506, 'T.D GREY SUITING & SHIRTING'),
(507, 'T.D.GREY FILAFIL'),
(508, 'PROLIN'),
(509, 'LINZO'),
(510, 'BENTLEY'),
(511, 'BLUE STAR'),
(512, 'SUITING FENT'),
(513, 'PREMIUM'),
(514, 'RICH LILON'),
(515, 'MLA-2'),
(516, 'KHADI LILON'),
(517, 'VICTORIA-3'),
(518, 'RICH LINEN'),
(519, 'KICK'),
(520, 'SUPERHIT'),
(521, 'LEGEND-2'),
(522, 'CLICK'),
(523, 'LINEN VISTA(WHITE)'),
(524, 'PRESIDENT.'),
(525, 'REAL LINEN'),
(526, 'BEAUTY'),
(527, 'CARLOS'),
(528, 'GOOD WILL'),
(529, 'RICH LINEN(AS)'),
(530, 'SPEED'),
(531, 'STANLEY(AS)'),
(532, 'SAFARI SUITING'),
(533, 'BLUE BERRY(AS)'),
(534, 'JACKPOT SUITING'),
(535, 'LINEN PLUS'),
(536, 'GOLDEN'),
(537, 'STYLE Z'),
(538, 'RAMIE LINEN'),
(539, 'PRIDE'),
(540, 'ROMAN'),
(541, 'FREEDOM'),
(542, 'SUPER LEE'),
(543, 'X1'),
(544, 'LINEN IGNIS'),
(545, 'EQUSS'),
(546, 'ROSA LINEN'),
(547, 'LINEN MANZA'),
(548, 'LINEN ROMAN'),
(549, 'LIMCA'),
(550, 'CAMEL'),
(551, 'PEARL SUITTING'),
(552, 'WHITE SUITING'),
(553, 'LINEN CENTURY'),
(554, 'SILKY TOUCH'),
(555, 'SMART'),
(556, 'SILVER LINEN'),
(557, 'ADAM NX'),
(558, 'MLT LINEN'),
(559, 'COOL STAR'),
(560, 'BERRY LINEN'),
(561, 'SJ-LINEN'),
(562, 'JOY LINEN'),
(563, 'NINJO'),
(564, 'FOX LINEN'),
(565, 'APOLLO'),
(566, 'SOBER'),
(567, 'ELEGANT'),
(568, 'ANTIQUE ZARI'),
(569, 'JAMES'),
(570, 'ZED LINEN'),
(571, 'KARO LINEN'),
(572, 'DON'),
(573, 'AK LINEN'),
(574, 'TRUE LIFE'),
(575, 'CREAM STONE SUITING'),
(576, 'CREAM STONE SHIRTING'),
(577, 'ROYAL'),
(578, 'MOON LIGHT'),
(579, 'CREAM STONE(JODI)'),
(580, 'CITY LINEN'),
(581, 'PRIDE LINEN'),
(582, 'MARTIN PRINT'),
(583, 'BOSTON PRINT'),
(584, 'ATOM'),
(585, 'NEO LINEN'),
(586, '7033'),
(587, '7034'),
(588, '7035'),
(589, '7036'),
(590, '7037'),
(591, '7038'),
(592, '7039'),
(593, '7041'),
(594, '7042'),
(595, '7043'),
(596, 'COOL LINEN 58\" (FRESH)'),
(597, 'EXPORT LENEN 58\"(BPCS)'),
(598, 'MIRCHI SUITING (FRESH)'),
(599, 'MINISTER SUITING'),
(600, 'RAJA'),
(601, 'GOLD'),
(602, 'SEA ROCK'),
(603, 'GREY SHIRTING'),
(604, '10025'),
(605, 'GREY FABRICS'),
(606, 'LINEN SUITING'),
(607, 'SUITING MIX PICS (BPCS)'),
(608, 'SUPERLINEN'),
(609, 'BURBERRY'),
(610, 'NAZAKAT'),
(611, 'NOORJAHAN'),
(612, 'NOORJAHAN (1)'),
(613, 'NAZAKAT (1)'),
(614, 'KURTA SPECIAL'),
(615, 'COTTON STRIPES-4'),
(616, 'MACHIS-1'),
(617, 'COTTON STRIPES-1'),
(618, 'COTTON STRIPES-2'),
(619, 'COTTON STRIPES-3'),
(620, 'MACHIS (2)'),
(621, 'NOORJAHAN (2)'),
(622, 'LINCOT'),
(623, '10043'),
(624, '10040'),
(625, '10045'),
(626, '10051'),
(627, '10048'),
(628, '10052'),
(629, 'SUITING GREY 63\"'),
(630, 'SUITING-684'),
(631, 'LINEN SLUB'),
(632, 'FINE LINEN'),
(633, 'CATONIC BLACK 61\"'),
(634, 'LOUSIANA X S.RAMIE'),
(635, '40S CTN X RAMIE'),
(636, 'SUZUKI NX'),
(637, 'S-2'),
(638, 'KOTA X POLY SLUB'),
(639, 'OXFORD 100% COTTON'),
(640, 'INDIAN LINEN'),
(641, 'POINEER JARI'),
(642, 'S-3'),
(643, 'SUITING'),
(644, 'GCC'),
(645, 'OXFORD'),
(646, '60X12 - 100X50'),
(647, 'LEGEND'),
(648, 'APPLE'),
(649, 'COTTON LINEN'),
(650, 'COTTON STRIPES-5'),
(651, 'TOPPER'),
(652, 'MANGO'),
(653, 'RAMBO'),
(654, 'HERO'),
(655, 'LUCKY'),
(656, 'BRIGHT ROSE PLAIN'),
(657, 'MACHIS-2'),
(658, 'MACHIS-3'),
(659, 'SUPERLINEN-X'),
(660, 'SUPERLINEN-Y'),
(661, 'LINEN VISTA (BPCS)'),
(662, 'SHIRTING MIX 44 (FRESH)'),
(663, 'BRIGHT GILITER CRUSH PLAIN'),
(664, 'ITALIAN LINEN'),
(665, 'P/C LINEN'),
(666, 'PROBLEM'),
(667, 'LINENZO'),
(668, 'CAPTAIN'),
(669, 'ACTIVA'),
(670, 'FINISH FABRICS'),
(671, 'MAJOR GENERAL'),
(672, 'MNM'),
(673, 'SUNRISE (JODI)'),
(674, 'CENTURY'),
(675, 'KALPATARU-2'),
(676, 'JUMBO'),
(677, 'SUITING/XYZ'),
(678, 'SAFARI'),
(679, 'DHOOM'),
(680, '337298'),
(681, '337299'),
(682, 'STANLEY'),
(683, 'LEENOVA'),
(684, 'HENRY'),
(685, 'BENTLEY-LINZO'),
(686, 'ROYAL KHADI 58'),
(687, 'ROLEX'),
(688, 'WHITE GOLD'),
(689, 'FEBRUARY'),
(690, 'MARCH'),
(691, 'APRIL'),
(692, 'VIP SUITING'),
(693, 'STANLEY(SM)'),
(694, 'STAR WHITE'),
(695, 'RIDER'),
(696, 'LINEN COOL'),
(697, 'SUPER WHITE'),
(698, 'BINGO'),
(699, 'STALLER'),
(700, 'SANTIGO'),
(701, 'SANTRO'),
(702, 'VENUS'),
(703, 'MILTON'),
(704, 'COOL LINEN'),
(705, 'SAMSUNG'),
(706, 'METRO'),
(707, 'LEENOTA'),
(708, 'LINEN COTTON'),
(709, 'CAROLINE'),
(710, 'LINEN SOMA'),
(711, 'V. I. P.'),
(712, 'LINEN ROSA'),
(713, 'LINEN ROSALINE'),
(714, 'VICTORIA-4'),
(715, 'VIP-1'),
(716, 'VIP-2'),
(717, 'VIP-3'),
(718, 'ORANGE LINEN'),
(719, 'LINEN CHROMA'),
(720, 'BOOST'),
(721, 'PARIS LINEN'),
(722, 'EXCEL LINEN'),
(723, 'ZOYA LINEN'),
(724, 'MICA NX'),
(725, 'MICA'),
(726, 'LINEN HARRY'),
(727, 'RALCO'),
(728, 'COTTON CLUB'),
(729, 'DOLPHIN'),
(730, 'KOTI JACKET'),
(731, 'LINEN FANCY'),
(732, 'LINEN WHITE'),
(733, 'ROSE GOLD'),
(734, 'SPICY LINEN'),
(735, 'AUSTIN'),
(736, 'ACCORD'),
(737, 'RELAXO'),
(738, 'SHIRTING MIX 44\" (BPCS)'),
(739, 'SHIRTING COLOUR (BPCS)'),
(740, 'SHIRTING MIX 58\" (BPCS)'),
(741, 'LINEN SHIRTING 58\" (FRESH)'),
(742, 'COOL COTTON 58\" (FRESH)'),
(743, '7040'),
(744, '7050'),
(745, '7031'),
(746, '7032'),
(747, 'GREY SUITING'),
(748, 'SIXTEEN'),
(749, 'JUMBO LINEN (FRESH)'),
(750, 'SHIRTING WHITE 44\"(B)'),
(751, 'SUZUKI'),
(752, '10001'),
(753, '10002'),
(754, '10003'),
(755, '10004'),
(756, '10005'),
(757, '10027'),
(758, '10028'),
(759, '10029'),
(760, '10034'),
(761, '10035'),
(762, '10037'),
(763, '10032'),
(764, '10036'),
(765, '10031'),
(766, '10030'),
(767, '10033'),
(768, '10039'),
(769, '10041'),
(770, '10042'),
(771, '10044'),
(772, '10047'),
(773, '10046'),
(774, '10050'),
(775, '10049'),
(776, '10068'),
(777, '10069'),
(778, '10070'),
(779, '10053'),
(780, '10071'),
(781, '10054'),
(782, '10072'),
(783, '10073'),
(784, '10075'),
(785, '10074'),
(786, '10076'),
(787, '10077'),
(788, 'POLYSTER X REMI'),
(789, 'NEW SLUB'),
(790, 'TRUE VALUE-1'),
(791, 'TRUE VALUE-2'),
(792, 'TRUE VALUE-3'),
(793, 'BOSS'),
(794, 'MONO CITRA 44\"'),
(795, 'T.D.GREY PLAIN'),
(796, 'T.D.SUITING GREY'),
(797, 'POLYSTER CATONIC SUITING'),
(798, 'AMUL LINEN'),
(799, 'T.D.GREY REMI'),
(800, 'FANCY GREY SHIRTING'),
(801, 'OM NAMAH SHIVAY STEP'),
(802, 'BRIGHT ROSE STEP'),
(803, '27X20X20   55X20X20'),
(804, 'M-J'),
(805, 'FANCY GREY FABRICS'),
(806, 'LINEN'),
(807, 'COTTON LINEN-1'),
(808, 'COTTON LINEN-2'),
(809, 'COTTON LINEN-3'),
(810, 'NAZAKAT-3'),
(811, 'NOORJAHAN-3'),
(812, 'TALENT'),
(813, 'FERRARI'),
(814, 'WORLD CUP'),
(815, 'GLAMOUR'),
(816, '1111'),
(817, 'MANTRIJI'),
(818, 'SHIRTING MIX 58 (FRESH)'),
(819, 'STYLO'),
(820, 'COOL MATTY'),
(821, 'ROYAL LINEN'),
(822, 'ICE LINEN'),
(823, '202060'),
(824, '7 STAR'),
(825, 'MODERN'),
(826, 'BLING'),
(827, 'HUNGAMA'),
(828, 'BLUE BERRY'),
(829, 'LORENZO'),
(830, 'WHITE ROSE'),
(831, '336931'),
(832, 'RAJDHANI SUITING'),
(833, 'VICTORY'),
(834, 'LINEN BY NATURE-58'),
(835, 'GOOD LUCK'),
(836, 'LINEN SUITING-2'),
(837, 'RAJA SHAHI'),
(838, 'SEA ROCK(SM)'),
(839, 'NATURAL LINEN'),
(840, 'ARROW'),
(841, 'JANUARY'),
(842, 'M-J(AS)'),
(843, 'IMAGICA(AS)'),
(844, 'VOGUE'),
(845, 'STAR'),
(846, 'FREEDOM(AS)'),
(847, 'CALABRIA(CARLOS)'),
(848, 'WINNER'),
(849, 'STANLEY-1(AS)'),
(850, 'LINEN FREEDOM'),
(851, 'LINEN COLLECTION'),
(852, 'JUPITER'),
(853, 'BOSS LINEN'),
(854, 'MEGA LINEN'),
(855, 'MEGA'),
(856, 'MIX CHART'),
(857, 'SUMO'),
(858, 'NATRAJ'),
(859, 'GOLD SPOT'),
(860, 'SKY'),
(861, 'SKY-NX'),
(862, 'ANTIQUE'),
(863, 'PM SUITING'),
(864, 'LINEN CRUZ'),
(865, 'PURE GOLD'),
(866, 'MAX LINEN'),
(867, 'MAGNUM LINEN'),
(868, 'CLASSIC'),
(869, 'MARINA'),
(870, 'INDO CLUB'),
(871, 'REPLAY WHITE'),
(872, 'FORTUNER'),
(873, 'LINEN STAR'),
(874, 'MACK'),
(875, 'COTTON SHIRTING'),
(876, 'BESTO'),
(877, 'PINGO'),
(878, 'TAM TAM'),
(879, 'SHAHENSHAH MIX-2'),
(880, 'REAL'),
(881, 'RFD SHIRTING'),
(882, 'WHITE ROSE JODI (B.PCS)'),
(883, 'CREAM STONE JODI (B PCS)'),
(884, 'LINEN GOLD'),
(885, 'RED BOX'),
(886, 'LEGENG SUITING'),
(887, 'PICASSO LINEN'),
(888, 'TURKISH LINEN'),
(889, 'KENZO LINEN'),
(890, 'EMPIRE CLASS'),
(891, 'BLEACH WHITE'),
(892, 'BENITO LINEN'),
(893, 'PRIDE PLUS'),
(894, 'STUDIO LINEN'),
(895, '27X20X20 COTTON'),
(896, 'NERO LINEN'),
(897, 'WHITE SWAN'),
(898, 'MINISTER'),
(899, 'IMPERIAL'),
(900, 'STAR LINEN'),
(901, 'SUPREME'),
(902, 'BENZA LINEN(STRIPES)'),
(903, 'IMPERIAL(CHECKS)'),
(904, 'CENTRE ONE(BPCS)'),
(905, 'ULTRA'),
(906, 'GAZA LINEN(STRIPES)'),
(907, 'BALENO'),
(908, 'SHIRTING MIX PICS (FRESH)'),
(909, 'RENZO LINEN(STRIPES-CHECKS)'),
(910, 'SCOTT LINEN(STRIPES)'),
(911, 'MANGO LINEN'),
(912, 'NERO LINEN(STRIPES)'),
(913, 'EXCEL LINEN(CHECKS)'),
(914, 'EXCEL LINEN(STRIPES)'),
(915, 'STUDIO LINEN (CHECKS)'),
(916, 'ROMA LINEN(PESTAL-COL)'),
(917, 'MARCO PRINT'),
(918, 'DUKE PRINT'),
(919, 'GREY W R SHIRTING'),
(920, 'GREY W R SUITING'),
(921, 'PRIDE 41 SHIRTING'),
(922, 'PRIDE 41 SUITING'),
(923, 'DAVIS LINEN(STRIPES)'),
(924, 'DAVIS LINEN(CHECKS)'),
(925, 'GREY RAINBOW'),
(926, 'GREY EGYPTIAN GIZA'),
(927, 'WHITE ROSE COMBO'),
(928, 'CREAM STONE COMBO'),
(929, 'EUROPEAN LINEN COMBO'),
(930, 'WHITE GLOW'),
(931, 'GREY ITALIA COT'),
(932, 'GREY GLOW COT'),
(933, 'GREY VENTURE COT'),
(934, 'GREY BERGAMO'),
(935, 'COSMO 31 SUITING'),
(936, 'COSMO 31 SHIRTING'),
(937, 'EUROPEAN LINEN CHECKS'),
(938, 'GREY FERRO'),
(939, 'GREY ARROW'),
(940, 'GREY MAGNUM'),
(941, 'BANSWARA STIFF'),
(942, 'DAMAS PRINT'),
(943, '20/4640'),
(944, 'SPARK-21(JODI)'),
(945, 'CREAM BELL(JODI)'),
(946, 'ROYAL TOUCH'),
(947, 'RAMADAN MUBARAK PRINTS'),
(948, 'GREY AREEZO'),
(949, '20S L.R.SLUB'),
(950, 'LEE COT'),
(951, 'GREY GIZA COT'),
(952, 'GREY PREMIO'),
(953, 'CAPLUR'),
(954, 'GREY LINEN PLUS'),
(955, 'GREY CROMA'),
(956, 'GREY MORINO'),
(957, 'GREY SAPPHIRE'),
(958, 'GREY LORENZO'),
(959, 'GREY ULTIMA'),
(960, 'GREY 80 SATIN'),
(961, 'GREY GRAND 51 SUITING'),
(962, 'GREY GRAND 51 SHIRTING'),
(963, 'VALENCIA'),
(964, 'ULTIMA'),
(965, 'SPARTAN'),
(966, 'CROMA'),
(967, 'ZIDANE'),
(968, 'MARBELLA'),
(969, 'SUMI PRINT'),
(970, 'FARGO PRINT'),
(971, '27/60 LOUSIANA'),
(972, 'RIGA PRINT'),
(973, 'AMIGO PRINT'),
(974, 'FUTURE LEE'),
(975, 'GEN-X WHITE'),
(976, 'RISO WHITE'),
(977, 'K- LIFE'),
(978, 'MIRA PRINT'),
(979, 'GRAND-51 SUITING'),
(980, 'VENICE LINEN'),
(981, 'GREY GC STRIPES'),
(982, 'GREY OXY GIZA'),
(983, 'COTTON CLUB PRINT'),
(984, 'GREY RICARDO LINEN'),
(985, 'EUROPA SATIN'),
(986, 'BIG GIZA'),
(987, 'GREY PIMA COT'),
(988, 'DOLLAS GIZA'),
(989, 'GREY GLOBUS'),
(990, 'WHITE & WHITE'),
(991, 'GOLD TOUCH'),
(992, 'GREY PLAZO COT'),
(993, 'NOVA COOL(JODI)'),
(994, 'GREY AXEL COT'),
(995, 'GREY BENITO WEAVE'),
(996, 'GREY GLANZA'),
(997, 'GREY LAWN'),
(998, 'GREY OPTIMA'),
(999, 'SUPERLAWN'),
(1000, 'DG PRINT (BPCS)'),
(1001, 'GLAMOUR SHIRTING'),
(1002, 'GLAMOUR SUITING'),
(1003, 'MONO 44\"'),
(1004, 'CAPTAIN PLEATS'),
(1005, 'GLAMOUR (JODI)'),
(1006, 'EXCEL LINEN PRINT'),
(1007, 'ELIVYA SUITING'),
(1008, 'IRISH LINEN'),
(1009, 'COTY LAWN'),
(1010, 'GREY ELIVYA SHIRTING'),
(1011, 'GREY ELIVYA SUITING'),
(1012, 'GREY NERO CHECKS'),
(1013, 'FARGO PRINT(BPCS)'),
(1014, 'VAMA PRINT'),
(1015, 'MEGA WHITE (JODI)'),
(1016, 'GREY FLEX'),
(1017, 'GREY SHANEL'),
(1018, 'GREY CAMBRIC'),
(1019, 'GREY MUNCH'),
(1020, 'DANNY LAWN PRINT'),
(1021, 'GREY OSLO GIZA'),
(1022, 'ROMA PRINT'),
(1023, 'GREY AADA PATTA'),
(1024, 'RONY LAWN PRINT'),
(1025, 'NATURAL PRINT'),
(1026, 'PLAIN FRESH (PCS)'),
(1027, 'CROMA PRINT'),
(1028, 'KC PRINT'),
(1029, 'SNOW COT'),
(1030, 'RENO COT'),
(1031, 'JERRY LAWN'),
(1032, 'MAHARAJA COT'),
(1033, 'FIGO LAWN'),
(1034, 'RUMEE LAWN'),
(1035, 'ABC'),
(1036, 'ZZZ'),
(1037, 'T.D.GREY'),
(1038, 'PC SHIRTING GREY'),
(1039, 'FOREST TOP DYED'),
(1040, 'FANCY SHIRTING'),
(1041, 'MIX WHITE MONO(BPCS)'),
(1042, 'STRIPE'),
(1043, 'CHECKS'),
(1044, 'COTTON REMI'),
(1045, 'COTTON LINEN GREY'),
(1046, 'SHIRTING FENT'),
(1047, 'COTTON LAPET'),
(1048, 'P/C SUITING'),
(1049, 'TRANSPORT'),
(1050, 'SUPER'),
(1051, 'VICTORIA'),
(1052, 'PARK'),
(1053, 'SCORPIO'),
(1054, 'SUITING MIX PICS (FRESH)'),
(1055, 'INDIAN RAMIE'),
(1056, 'RAJTANTRA'),
(1057, 'MANTRI'),
(1058, 'NAMO'),
(1059, 'SASHAN'),
(1060, 'VICTORIA-2'),
(1061, 'LINEN FEEL'),
(1062, 'SUPERSTAR'),
(1063, 'COTTON COOL'),
(1064, 'COTTON COOL STRIPES'),
(1065, 'MONO PLAIN 44\"'),
(1066, 'MONO SALLY 44\"'),
(1067, 'MONO CB 58\"'),
(1068, 'MONO CB SALLY 58\"'),
(1069, 'MONO PLAIN 58\"'),
(1070, 'MOON MOON 58\"'),
(1071, 'RAMIE'),
(1072, '10038'),
(1073, '10026'),
(1074, 'SUNSHINE'),
(1075, 'COTTON XCOTTON XLINEN'),
(1076, 'LINEN VISTA(COL.)'),
(1077, '60/12 COTTON'),
(1078, '55/20/20 + DADAJI'),
(1079, '40/20/20 + 55/20/20'),
(1080, '40/20/20 + 40/20/20'),
(1081, 'DOVE'),
(1082, 'MODEL MICRO FLEX X REMI'),
(1083, '40X12 OXFORD'),
(1084, 'ROCKET'),
(1085, 'PILOT'),
(1086, 'DULL SUITING'),
(1087, 'T.D. SC SHIRTING'),
(1088, 'T.D.P SHIRTING'),
(1089, 'FIGHTER'),
(1090, 'IMAGICA'),
(1091, 'LEGEND PLUS'),
(1092, '40/20/20 CITRA+LOUSIANA DYED'),
(1093, '27/20/20 ARROW+ LOUSIANA DYED'),
(1094, 'KALPATARU'),
(1095, 'ALA'),
(1096, 'MACHIS-4'),
(1097, 'BEGUM'),
(1098, 'RICH FEEL'),
(1099, 'SPYKAR'),
(1100, 'MLA'),
(1101, 'T.D.F.D.SC SHIRITNG'),
(1102, 'KHADI'),
(1103, 'ACTIVQ'),
(1104, 'PARLIAMENT'),
(1105, 'DABANG'),
(1106, 'NETAJI'),
(1107, 'PRO LINEN'),
(1108, 'AGC'),
(1109, 'HILTON'),
(1110, 'ABC-1'),
(1111, 'ABC-2'),
(1112, 'ICE LINEN-BLING'),
(1113, 'MEGA STAR'),
(1114, 'AASAN'),
(1115, 'TITAN'),
(1116, 'RADO'),
(1117, 'SNOW WHITE'),
(1118, 'WHITE MAX'),
(1119, 'PRESIDO LINEN'),
(1120, 'CLASSIC LINEN'),
(1121, 'ERTIGA'),
(1122, 'NATKHAT'),
(1123, 'LINEN VOGUE'),
(1124, 'OPPO'),
(1125, 'IRISH LINEN(CHECKS)'),
(1126, 'RAINBOW'),
(1127, 'PACKING MATERIAL (1)'),
(1128, 'PACKING MATERIAL(2)'),
(1129, 'BW SLUB'),
(1130, 'PRIME'),
(1131, 'GLOBUS'),
(1132, 'CALABRIA'),
(1133, 'OPPO+BW SLUB'),
(1134, 'KING'),
(1135, 'ACTION'),
(1136, 'PROLIN-ERTIGA'),
(1137, 'LINEN PRIDE'),
(1138, 'LINEN ZANOTTI'),
(1139, 'CASA LINEN'),
(1140, 'LINEN ZONI'),
(1141, 'DLC LINEN'),
(1142, 'LINEN GLOBAL'),
(1143, 'KING LINEN'),
(1144, 'VENUS NX'),
(1145, 'MODA LINEN'),
(1146, 'LA FERRO OUTER BOX'),
(1147, 'LA FERRO INNER BOX'),
(1148, 'PLAZA'),
(1149, 'LINEN ROYAL'),
(1150, 'LINEN SIGNA'),
(1151, 'LINEN ZOYA'),
(1152, 'LINEN FABIANO'),
(1153, 'SKY-NX PRINT'),
(1154, 'SHINE'),
(1155, '1081041'),
(1156, 'LINEN BRAVO'),
(1157, 'LICO-NX'),
(1158, 'LINEN ROMA'),
(1159, 'SANTOOR'),
(1160, 'SHAHENSHAH MIX-1'),
(1161, 'WAMA LINEN'),
(1162, 'NX-LINEN'),
(1163, 'DECCAN LINEN'),
(1164, 'DG PRINT'),
(1165, 'WHITE ROSE(JODI)'),
(1166, 'AB'),
(1167, 'WHITE ROSE SHIRTING'),
(1168, 'WHITE ROSE SUITING'),
(1169, 'PHEENA LINEN'),
(1170, 'ZILA'),
(1171, 'BREEZA LINEN'),
(1172, 'PLATINUM'),
(1173, 'BURGOYNE SHIRTING'),
(1174, 'BURGOYNE SUITING'),
(1175, 'MORETT SUITING'),
(1176, 'MORETT SHIRTING'),
(1177, 'LIZA PRINT'),
(1178, 'BENZA LINEN'),
(1179, 'FERRO LINEN'),
(1180, 'RENZO LINEN'),
(1181, 'LINEN PRINT'),
(1182, 'LUSIYANA'),
(1183, 'EUROPA LINEN'),
(1184, 'FAB LINEN'),
(1185, 'SCOTT LINEN'),
(1186, 'MORRIS SST'),
(1187, 'EGYPTIAN GIZA'),
(1188, 'HERITAGE'),
(1189, 'SUPER SKY'),
(1190, 'GOLD STAR'),
(1191, 'CAPTAIN JACK'),
(1192, 'KINGSTON'),
(1193, 'GREY COTTON DOBBY FABRICS'),
(1194, 'BANSWARA'),
(1195, 'CLASSIC SUITING'),
(1196, 'SWISS LINEN'),
(1197, 'ROYAL SUITING'),
(1198, 'DESIRE'),
(1199, 'GAZA LINEN'),
(1200, 'PRESIDENT'),
(1201, 'OMEGA'),
(1202, 'NERO LINEN (CHECKS)'),
(1203, 'STAR LINEN(CHEKCS)'),
(1204, 'STAR LINEN(STRIPES)'),
(1205, 'LINEN ZANOTTI(CHECKS)'),
(1206, 'MIX QUALITY'),
(1207, 'LINIVA TENCOT'),
(1208, 'RICARDO LINEN(STRIPES)'),
(1209, 'RICARDO LINEN(CHECKS)'),
(1210, 'COTTON PLUS'),
(1211, 'STAR LINEN(MIX CHART)'),
(1212, 'MANZA PRINT'),
(1213, 'LEE FERRO'),
(1214, 'FIZARRO LINEN'),
(1215, 'INNER+OUTER'),
(1216, 'DOBBY'),
(1217, 'SATIN RFD'),
(1218, 'MORRETT ITALIAN SHIRTING'),
(1219, 'LEE FERRO(STRIPES)'),
(1220, 'GREY RFD POLY'),
(1221, 'GREY RIO LINEN'),
(1222, 'GREY VAMA'),
(1223, 'GREY SUPREME COT'),
(1224, 'CRYSTAL WHITE SHIRTING'),
(1225, 'VAMA LINEN'),
(1226, 'ENZO PRINT'),
(1227, 'GREY SUPREVIA'),
(1228, 'GREY COSMO SHIRTING'),
(1229, 'GREY SPARK SHIRTING'),
(1230, 'RIO DIGITAL'),
(1231, '20/1 LR SLUB 100% COTTON'),
(1232, 'GREY BRUNO'),
(1233, 'GREY BRUNO STRIPES'),
(1234, 'PRINT B PCS'),
(1235, 'SHIRTING WHITE (BPCS)'),
(1236, 'LINEN BONANZA'),
(1237, 'DHANUSH'),
(1238, 'MONTANA'),
(1239, 'BERGAMO'),
(1240, 'RENZO LINEN(CHECKS)'),
(1241, 'GREY VANITY 44'),
(1242, 'IVORY SUITING'),
(1243, 'IVORY SHIRTING'),
(1244, 'IVORY(JODI)'),
(1245, 'COSMO-31(JODI)'),
(1246, 'GREY LINEN GOLD'),
(1247, '27S ARROW'),
(1248, 'VANITY'),
(1249, 'GREY KENZO'),
(1250, 'SAPPHIRE'),
(1251, 'COTTON PRINT'),
(1252, 'GREY VALENCIA'),
(1253, 'COTTON'),
(1254, 'GREY DIAMOND SUITING'),
(1255, 'GREY SPARTAN'),
(1256, 'GREY LINIVA TENCOT'),
(1257, 'GREY GRAZIA'),
(1258, 'GREY SPARK-21 SHIRTING'),
(1259, 'GREY SPARK-21 SUITING'),
(1260, 'GREY VAMA LINEN'),
(1261, 'GREY ALEXA'),
(1262, 'GLORY PRINT'),
(1263, 'TWIKER GIZA'),
(1264, 'GAMORA'),
(1265, 'GOLDY'),
(1266, 'TITAN GIZA'),
(1267, 'MAZO LINEN'),
(1268, 'ODIN GIZA'),
(1269, 'MOBI COT'),
(1270, 'CLASS COT'),
(1271, 'ATONA COT'),
(1272, 'MALIVA COT'),
(1273, 'ALEXA'),
(1274, 'MORETT CREAM(JODI)'),
(1275, 'GRAND-51(JODI)'),
(1276, 'KD PLUS'),
(1277, 'PRESTIGE'),
(1278, 'OSLO GIZA'),
(1279, 'MORETT CREAM SHIRTING'),
(1280, 'MORETT CREAM SUITING'),
(1281, 'GREY BUTTA BENITO'),
(1282, 'GREY POLY COT'),
(1283, 'GREY MAXUS'),
(1284, 'GREY CASA'),
(1285, 'GREY FANCY PLAIN'),
(1286, 'GREY LAWN BUTTA'),
(1287, 'WHITE STAR(JODI)'),
(1288, 'BIG BEN'),
(1289, 'CRYSTAL WHITE SUITING'),
(1290, 'PAPER COTTON PRINT'),
(1291, 'OZY LAWN'),
(1292, 'ZORRO COT'),
(1293, 'SKY LAWN'),
(1294, 'JAZZ LAWN'),
(1295, 'BERRY LAWN'),
(1296, 'COLGATE'),
(1297, 'EXCEL PRINT'),
(1298, 'TERRO LAWN'),
(1299, 'RUFEE LAWN'),
(1300, 'LINEN PLUS PRINT'),
(1301, 'PIMA COT'),
(1302, 'GREY MAGIC RFD'),
(1303, 'MAGIC RFD SHIRTING'),
(1304, 'ROYAL COT'),
(1305, 'ZEGNA COTTON'),
(1306, 'GREY GAZA LINEN'),
(1307, 'ZARA LAWN'),
(1308, 'VERO LAWN'),
(1309, 'KAZO LAWN'),
(1310, 'WHITE JODI(BPCS)'),
(1311, 'MAGNUM PRINT'),
(1312, 'TENCEL'),
(1313, 'GIZA COTTON'),
(1314, 'L. P. PRINT'),
(1315, 'B.W PRINT'),
(1316, 'LITTLE FOOT'),
(1317, 'JACKY PRINT'),
(1318, 'LEE CRAP'),
(1319, 'BG PRINT'),
(1320, 'SONY PRINT'),
(1321, 'TAJ COT'),
(1322, 'GREY MD LAWN'),
(1323, 'PRINT FRESH (PCS)'),
(1324, 'LAWN'),
(1325, 'GREY SNOW COT'),
(1326, 'GREY SATIN STRIPES'),
(1327, 'MM LAWN'),
(1328, 'R COT'),
(1329, 'COSMO'),
(1330, 'MORETT (JODI)'),
(1331, '2/27 COTTON RICH'),
(1332, 'RICARDO LINEN'),
(1333, 'EMPIRE GOLD'),
(1334, 'BURGOYNE (JODI)'),
(1335, 'ROMA LINEN'),
(1336, 'KHADI LINEN'),
(1337, 'WHITE LOTUS SHIRTING'),
(1338, 'WHITE LOTUS SUITING'),
(1339, 'WHITE DUCK'),
(1340, 'ELEGANCE'),
(1341, 'LUXURY PRINT'),
(1342, 'WHITE LOTUS(JODI)'),
(1343, 'FABULOUS COT'),
(1344, 'SUPREME COT'),
(1345, 'SUPREVIA COT'),
(1346, 'CENTURY COT'),
(1347, 'GLOWISH COT'),
(1348, 'ITALIA COT'),
(1349, 'GIZA COT'),
(1350, 'BRIGADIER'),
(1351, 'FERRO LINEN(CHECKS)'),
(1352, 'MORRETT ITALIAN SUITING'),
(1353, 'RFD PLATINUM'),
(1354, 'LEE FERRO(CHECKS)'),
(1355, 'SODA'),
(1356, 'COTTON PLUS (STRIPES)'),
(1357, 'COTTON PLUS (CHECKS)'),
(1358, 'CABI PRINT'),
(1359, 'RENZO LINEN(STRIPES)'),
(1360, 'ZOLA PRINT'),
(1361, 'SATIN PRINT MIX'),
(1362, 'LINEN PRINT MIX'),
(1363, 'FORTUNE'),
(1364, 'GOLD TOUCH (JODI)'),
(1365, 'VAMA'),
(1366, 'GIZA'),
(1367, 'BENITO'),
(1368, 'COTTON WHITE'),
(1369, 'ROMI PRINT'),
(1370, 'DIGITAL LIFE'),
(1371, 'WHITE TREND'),
(1372, 'MILO PRINT'),
(1373, 'GREY SUPREVIA COT'),
(1374, 'PIMA PRINT'),
(1375, 'FAB COT'),
(1376, 'ZEGNA'),
(1377, 'GREY RFD'),
(1378, 'GREY PURE GOLD'),
(1379, 'RIO LINEN'),
(1380, 'CM PLAIN'),
(1381, 'GREY EMPIRE CLASS'),
(1382, 'GREY FREDO'),
(1383, 'FREDO LINEN'),
(1384, 'SUBHEDAR'),
(1385, 'SHABNAM'),
(1386, 'SPARK 21 SUITING'),
(1387, 'SPARK 21 SHIRTING'),
(1388, 'PURE GOLD PRINT'),
(1389, 'WHITE GOLD(JODI)'),
(1390, 'WHITE KING'),
(1391, 'WHITE GOLD SUITING'),
(1392, 'WHITE GOLD SHIRTING'),
(1393, 'AVALON'),
(1394, 'GREY CAPLUR'),
(1395, 'J.J PRINT'),
(1396, 'GREY ZIDANE'),
(1397, 'LINEN LUCAS'),
(1398, 'GIZA SATIN'),
(1399, 'SATIN PRINT'),
(1400, 'GREY HUMOR COT'),
(1401, 'GREY FUTURE COT'),
(1402, 'GREY MARBELLA'),
(1403, 'GREY LINIVA'),
(1404, 'VIGO'),
(1405, 'MORINO'),
(1406, 'GREY PRESTIGE'),
(1407, 'WHITE SHINE(JODI)'),
(1408, 'GREY SATIN'),
(1409, 'MEGALAWN'),
(1410, 'GRAND-51 SHIRTING'),
(1411, 'SHIRTING PRINT(BPCS)'),
(1412, 'TIGER LEE'),
(1413, 'GREY BURBERRY LINEN'),
(1414, 'GRAZIA'),
(1415, 'DIAMOND'),
(1416, 'CREAM N CREAM'),
(1417, 'OXY GIZA'),
(1418, 'CLASSIC CREAM'),
(1419, 'AREEZO LINEN'),
(1420, 'WIKY STRIPES'),
(1421, 'PRIME COT'),
(1422, 'GREY 30/10/10 CHECKS'),
(1423, 'GREY BIG BEN'),
(1424, 'GREY SUPERLAWN'),
(1425, 'GREY SHANIL PLEATS'),
(1426, 'GREY PLEATS'),
(1427, 'CRYSTAL WHITE(JODI)'),
(1428, 'LIMO COT'),
(1429, 'GREY BURGOYNE SHIRTING'),
(1430, 'GREY BURGOYNE SUITING'),
(1431, 'OPTIMA'),
(1432, 'DOMI PRINT'),
(1433, 'PLAZO COT'),
(1434, 'LAWN BUTTA'),
(1435, 'RIZO COT'),
(1436, 'MUSTANG(JODI)'),
(1437, 'SMART-21(JODI)'),
(1438, 'LINEN PLUS PERFUME'),
(1439, 'PREMIO PERFUME'),
(1440, 'VAMA LINEN PERFUME'),
(1441, 'PRADA COTTON'),
(1442, 'ULTIMA PRINT'),
(1443, 'ROSE PRINT'),
(1444, 'MONTY PRINT'),
(1445, 'IRISH LINEN(STRIPES)'),
(1446, 'GREY W R 58'),
(1447, 'GOLD LAWN PRINT'),
(1448, 'FLORA COTTON'),
(1449, 'BRITO LAWN'),
(1450, 'GREY SHANIL 10 COL'),
(1451, 'BERRY'),
(1452, 'TERRO'),
(1453, 'SAPPHIRE PRINT'),
(1454, 'GREY RANCHO SLUB'),
(1455, 'GREY 80 SUPERLAWN'),
(1456, 'STAR KOT'),
(1457, 'LAWN EMBROIDERY'),
(1458, 'TRIO COT'),
(1459, 'GREY 2/40 BUTTA'),
(1460, 'GREY RENO BUTTA'),
(1461, 'TRITON'),
(1462, 'FAB LAWN'),
(1463, 'F LAWN'),
(1464, 'J LAWN'),
(1465, 'K LAWN'),
(1466, 'C LAWN'),
(1467, 'GREY POLY COT SATIN'),
(1468, 'EMBRACE'),
(1469, 'GREY PLAIN RFD'),
(1470, 'GREY OXFORD RFD'),
(1471, 'MD LAWN'),
(1472, 'NAWAB BUTTA'),
(1473, 'ALISHAN BUTTA'),
(1474, 'GOLDEN BUTTA'),
(1475, 'CAPTAIN PLEATS NX'),
(1476, 'TIGER PLEATS'),
(1477, 'TIGER PLEATS NX'),
(1478, 'B LAWN'),
(1479, 'V LAWN'),
(1480, 'M COT'),
(1481, 'GREY POLY SATIN RFD'),
(1482, 'GREY L PLUS SUITING'),
(1483, 'GREY KHADI SHIRTING'),
(1484, 'RUFEE PRINT'),
(1485, 'GREY COTTON SHIRTING'),
(1486, 'GREY ROSE RFD'),
(1487, 'GREY NEWTON'),
(1488, 'GREY KHADI LINEN'),
(1489, 'GREY POLY SATIN'),
(1490, 'GREY PRICOT SATIN'),
(1491, 'NEWTON PRINT'),
(1492, 'PRICOT SATIN PRINT'),
(1493, 'GREY POLY RFD'),
(1494, 'PRINCE BUTTA'),
(1495, 'GREY MIRACLE SHIRTING'),
(1496, 'GREY MIRACLE SUITING'),
(1497, 'GREY COMMANDO'),
(1498, 'GREY MODEL'),
(1499, 'GREY ENCOUNTER'),
(1500, 'BLAZE PRINT'),
(1501, 'GREY MAHARAJA COT'),
(1502, 'GREY JACGUARD'),
(1503, 'SHELDON'),
(1504, 'STERLING SHIRTING'),
(1505, 'STERLING SUITING'),
(1506, 'GREY KHADI LAWN'),
(1507, 'FORTUNE NX'),
(1508, 'GREY ZARI MIX LAWN'),
(1509, 'WORLD GIZA'),
(1510, 'FINE GIZA'),
(1511, 'ZARI PLEATS'),
(1512, 'GREY MIX ZARI'),
(1513, 'GREY FORTUNE NX'),
(1514, 'GREY ZARI DOBBY'),
(1515, 'WAVE COT'),
(1516, 'SEKU LAWN'),
(1517, 'BELLEZA'),
(1518, 'dfgdfd'),
(1519, 'SUITING RFD'),
(1520, 'FOX'),
(1521, 'WS SUITING'),
(1522, 'WS SHIRTING'),
(1523, 'GOLD COIN (JODI) BPCS'),
(1524, 'GREY COMP FORTUNE'),
(1525, 'GREY ZARI WHITE BUTTA'),
(1526, 'FILA COTTON'),
(1527, 'ZORRO'),
(1528, 'AQUA LINEN'),
(1529, 'OSCAR'),
(1530, 'GREY NEON BUTTA'),
(1531, 'COTTON POLY RFD'),
(1532, 'BUTTA'),
(1533, 'MB LAWN'),
(1534, 'GREY WHITE GOLD'),
(1535, 'GREY COTTON TENCIL'),
(1536, 'KHADI LAWN'),
(1537, 'JAIGARH'),
(1538, 'ZILANA PRINT'),
(1539, 'ALWAR BUTTA'),
(1540, 'MAZATI'),
(1541, 'ZARI LAWN'),
(1542, 'COTTON PLEATS'),
(1543, 'GREY FLEX BUTTA'),
(1544, 'GREY SHELDON WHITE'),
(1545, 'KHUSHBOO LINEN'),
(1546, 'FOXER 44(BPCS)'),
(1547, 'ZARA DIGITAL'),
(1548, 'REGAL BUTTA'),
(1549, 'MAXER 44'),
(1550, 'GREY ZARI STRIPES'),
(1551, 'LUXURY'),
(1552, 'GREY ALWAR BUTTA'),
(1553, 'GREY 22 POLY PLEATS'),
(1554, 'RADIANCE'),
(1555, 'SWEDEN NX'),
(1556, 'ASH BERRY'),
(1557, 'GREY PSF FORTUNE'),
(1558, 'GREY COT CAT FORTUNE'),
(1559, 'ALLIANCE'),
(1560, 'GREY SATIN PATTA'),
(1561, 'W GIZA SATIN'),
(1562, 'GREY VICERA'),
(1563, 'THAR COT'),
(1564, 'SAMARA LAWN'),
(1565, 'WINDSOR'),
(1566, 'GREY ARIZO COT'),
(1567, 'GREY ZYKA'),
(1568, 'GREY LEAZONE'),
(1569, 'EXCEL'),
(1570, 'RFD TWILL'),
(1571, 'GREY SATIN DOBBY'),
(1572, 'XYLO'),
(1573, 'PRIMA LAWN'),
(1574, 'MANFORD'),
(1575, 'CORD PRINT'),
(1576, 'TIMASO'),
(1577, 'GREY SILVERA 006'),
(1578, 'GREY SILVERA 001'),
(1579, 'GREY SILVERA 004'),
(1580, 'GREY LEEFARA'),
(1581, 'GREY SILVERA 007'),
(1582, 'GREY SILVERA 008'),
(1583, 'GREY SILVERA 002'),
(1584, 'GREY SILVERA 005'),
(1585, 'GREY CORDELIA'),
(1586, 'CALIBER'),
(1587, 'LUXURIA'),
(1588, 'NC COT'),
(1589, 'LEEFARO'),
(1590, 'GREY VERSA SUITING'),
(1591, 'GREY CROWN SUITING'),
(1592, 'GREY SERRA SUITING'),
(1593, 'GREY SERRA SHIRTING'),
(1594, 'GREY ROME SUITING'),
(1595, 'GREY ROME SHIRTING'),
(1596, 'GREY LINEN PATTA'),
(1597, 'GREY CADILLAC'),
(1598, '11235566'),
(1599, 'EMBROIDERY B PCS'),
(1600, 'CASPER LYCRA'),
(1601, 'GREY ICEBERRY'),
(1602, 'ATLANTIS'),
(1603, 'GREY SYDNEY SUITING'),
(1604, 'GREY TANZA SUITING'),
(1605, 'GREY SYDNEY SHIRTING'),
(1606, 'GREY RICHMOND SUITING'),
(1607, 'GREY RICHMOND SHIRTING'),
(1608, 'T BUTTA'),
(1609, 'T LAWN'),
(1610, 'AL-JAZEERA'),
(1611, 'SHAHI BUTTA'),
(1612, 'GOLD COIN'),
(1613, 'GREY RFD SHIRTING'),
(1614, 'GREY RFD SUITING'),
(1615, 'YAARI LAWN'),
(1616, 'GREY MARS'),
(1617, 'SHIRTING 2 MTR (B.PCS)'),
(1618, 'MATTY'),
(1619, 'ROSE'),
(1620, 'TWILL DIGITAL'),
(1621, 'BUTTER'),
(1622, 'POLY SATIN'),
(1623, 'MG PRINT'),
(1624, 'GREY RENO COT'),
(1625, 'GREY LUCKTREE'),
(1626, 'BC COT'),
(1627, 'ZIVA PRINT'),
(1628, 'GREY BRIGHT SHANEL'),
(1629, 'GREY SATIN GIZA'),
(1630, 'GREY POLY 23 PLEATS'),
(1631, 'GREY 50S FORTUNE'),
(1632, 'SUPER PRINT'),
(1633, 'GREY FAT SLUB'),
(1634, 'GREY TRIO COT'),
(1635, 'GREY ZARI PLEATS'),
(1636, 'GREY RAINBOW ZARI'),
(1637, 'MIRACLE ( JODI )'),
(1638, 'GREY COTTON VENTURE'),
(1639, 'DAZZLE'),
(1640, 'WHITE SHINE SHIRTING'),
(1641, 'WHITE SHINE SUITING'),
(1642, 'GREY COTTON'),
(1643, 'GREY PILOT PLEATS'),
(1644, 'GREY GLITTER PLEATS'),
(1645, 'RFD FOX'),
(1646, 'FOXER 44'),
(1647, 'GREY COTTON LINEN'),
(1648, 'GREY ZARI COT LOOK BUTTA'),
(1649, 'VIVANTA'),
(1650, 'DUNHILL LINEN'),
(1651, '80 LEA'),
(1652, 'SPANISH COTTON'),
(1653, 'COSTA LINEN'),
(1654, 'GREY SEAWOODS'),
(1655, 'ZARA LINEN'),
(1656, 'ZODAIC LINEN'),
(1657, 'GREY ZARI PATTA'),
(1658, 'GREY MOZARO'),
(1659, 'GREY LYCRA FORTUNE'),
(1660, 'ASTRO COTTON'),
(1661, 'GREY COTTON STRIPES'),
(1662, 'NEON BUTTA'),
(1663, 'LAWN EMB \"B\" PCS'),
(1664, 'MAKER'),
(1665, 'RIZA LAWN BPCS'),
(1666, 'GREY LONG SLUB RFD'),
(1667, 'DUCATI'),
(1668, 'GREY COTTON MODAL'),
(1669, 'GREY LENCIL GIZA'),
(1670, 'GREY 80 X 80 LAWN'),
(1671, 'GREY BOURNVILLA LINEN'),
(1672, 'WHITE SUITING (B PCS )'),
(1673, 'WHITE SHIRTING ( B PCS )'),
(1674, 'SHIRTING 1.60 MIX PCS'),
(1675, 'SEQUENCE EMB'),
(1676, 'EMBROIDERY'),
(1677, 'GREY COTTON 18 PLEATS'),
(1678, 'GREY SATIN PATTA LAWN'),
(1679, 'GREY 40 MODAL'),
(1680, 'GREY CC AADA PATTA'),
(1681, 'GREY PSF AADA PATTA'),
(1682, 'VAZIR LAWN'),
(1683, 'L. P. SHIRTING'),
(1684, 'GREY WIKTOR GIZA'),
(1685, 'L. P. SUITING'),
(1686, 'GREY VISCOSE SILKY FORTUNE'),
(1687, 'GREY POLY LAWN BUTTA'),
(1688, 'GREY CATONIC AADA PATTA'),
(1689, 'GREY GIMAZO VISCOSE'),
(1690, 'GREY BEAMER'),
(1691, 'GREY 16 POLY PLEATS'),
(1692, 'GREY CHECKS SHELDON'),
(1693, 'GREY VISCOSE SLUB'),
(1694, 'GREY VIZAMI JACQUARD'),
(1695, 'GREY DENZIL'),
(1696, 'BRANBERRYBRANBERRY'),
(1697, 'MANTIS'),
(1698, 'GREY VIZAMI'),
(1699, 'GREY OPTIMUS'),
(1700, 'SST ( B.PCS )'),
(1701, 'SHIRTING 1.60 PCS'),
(1702, 'GREY LEEFARA 002'),
(1703, 'GREY BAAZILO 001'),
(1704, 'GREY COSTANA 004'),
(1705, 'GREY LEEFARA 007'),
(1706, 'GREY LEEFARA 008'),
(1707, 'GREY LEEFARA 006'),
(1708, 'GREY SILVERA 003'),
(1709, 'GREY COSTANA 003'),
(1710, 'GREY COSTANA 001'),
(1711, 'GREY COSTANA 002'),
(1712, 'GREY LEEFARA 001'),
(1713, 'ANTILLA'),
(1714, 'GREY SEEYARA 002'),
(1715, 'GREY DELLA 001'),
(1716, 'GREY GRIMAZI'),
(1717, 'GREY LAWN STRIPES'),
(1718, 'GREY CROWN SHIRTING'),
(1719, 'GREY MEXICO SHIRTING'),
(1720, 'GREY VERSA SHIRTING'),
(1721, 'FLORIDA'),
(1722, 'RIZETA LAWN YELLOW'),
(1723, 'SILVERA'),
(1724, 'LEEFARA'),
(1725, 'ARIZO COT'),
(1726, 'ARIZO COT YELLOW'),
(1727, 'FRANCIS'),
(1728, 'CRYSTAL SHIRITING'),
(1729, 'SERRA SHIRTING'),
(1730, 'VERSA SHIRTING'),
(1731, 'CROWN SUITING'),
(1732, 'CRYSTAL SUITING'),
(1733, 'VERSA SUITING'),
(1734, 'BENZER'),
(1735, 'GREY TANZA SHIRTING'),
(1736, 'DENZA COT'),
(1737, 'CORDELIA'),
(1738, 'USTAAD'),
(1739, 'HAVANA'),
(1740, 'DUMMY'),
(1741, 'DUMMY1'),
(1742, 'FORUM'),
(1743, 'TIMBER'),
(1744, 'GRACE LINEN'),
(1745, 'SHIRTING 2END'),
(1746, 'SILKY TOUCH(CHECKS+TRIPES)'),
(1747, 'SPECTRA'),
(1748, 'SWISS LINEN(CHECKS)'),
(1749, 'SWISS LINEN(STRIPES)'),
(1750, 'WHITE ZONE'),
(1751, 'FUTURE COT'),
(1752, 'VELIERO LINEN'),
(1753, 'COTTON VENTURE'),
(1754, 'MAJOR'),
(1755, 'ROMA LINEN(CREAM)'),
(1756, 'SILVER TOUCH SUITING'),
(1757, 'SILVER TOUCH SHIRTING'),
(1758, 'EMPIRE GOLD(STRIPES)'),
(1759, 'XYZ'),
(1760, 'FILA PRINT'),
(1761, 'SILVER TOUCH(JODI)'),
(1762, 'HUMOR FINE COT'),
(1763, 'EMPIRE GOLD(CHECKS)'),
(1764, 'GREY CENTURY COT'),
(1765, 'GREY ZEGNA'),
(1766, 'GREY BENITO'),
(1767, 'DAVIS LINEN'),
(1768, 'GREY ACTION'),
(1769, 'JET CLASS'),
(1770, 'GREY GIZA'),
(1771, 'GREY FABCOT'),
(1772, 'VISA LINEN'),
(1773, 'SCOTT LINEN (CHECKS)'),
(1774, 'GREY MONTANA'),
(1775, 'GREY RICARDO'),
(1776, 'WIKTOR GIZA'),
(1777, 'GREY 2 TAR CHECKS'),
(1778, 'GREY BRUNO CHECKS'),
(1779, 'GREY RICARDO CHECKS'),
(1780, 'GREY SPARK SUITING'),
(1781, 'GREY COSMO SUITING'),
(1782, 'KHADI LINEN (STRIPES)'),
(1783, 'KHADI LINEN (STRIPES & CHECKS)'),
(1784, 'BRUNO LINEN(STRIPES)'),
(1785, 'BRUNO LINEN(CHECKS)'),
(1786, 'STAR CAP LINEN(STRIPES)'),
(1787, 'STAR CAP LINEN(CHECKS)'),
(1788, 'BRUNO LINEN'),
(1789, 'GREY DAVIS STRIPES'),
(1790, 'GREY DAVIS CHECKS'),
(1791, 'GREY AVALON'),
(1792, 'GREY ZURI'),
(1793, 'MORIZO'),
(1794, 'MAGNUM'),
(1795, 'GREY STAR SILKY'),
(1796, 'GREY STRIP'),
(1797, 'GREY CHEX'),
(1798, 'GREY CLOTH NEW'),
(1799, 'ANCHOR'),
(1800, 'MEGA LINEN(CHECKS)'),
(1801, 'LINEN COLLECTION(CHECKS)'),
(1802, 'LINEN COLLECTION(STRIPES)'),
(1803, 'WH GOLD SUITING'),
(1804, 'WH GOLD SHIRTING'),
(1805, 'GREY EUROPEAN'),
(1806, 'GREY VIGO'),
(1807, 'ZURI'),
(1808, 'PREMIO'),
(1809, 'GREY MEGALAWN'),
(1810, 'GREY K-LIFE'),
(1811, 'AMORA'),
(1812, 'GREY MORETT SHIRTING'),
(1813, 'GREY MORETT SUITING'),
(1814, 'GREY BENITO LINEN'),
(1815, 'VIGA PRINT'),
(1816, 'GREY KENZO LINEN'),
(1817, 'GREY GOLD TOUCH'),
(1818, 'GREY SHEZADA LAWN'),
(1819, 'GREY FORTUNE'),
(1820, 'SUPER COOL WHITE'),
(1821, 'GREY ZORRO COT'),
(1822, 'GREY RIZO COT'),
(1823, 'ALPHA PRINT'),
(1824, 'KINO PRINT'),
(1825, 'GREY WH GOLD SHIRTING'),
(1826, 'GREY WH GOLD SUITING'),
(1827, 'GREY 80S OZONE COT'),
(1828, 'GREY 100S TURKISH COT'),
(1829, 'GREY PC PLAIN'),
(1830, 'GREY 20S PLAIN SHIRTING'),
(1831, 'GREY 20 LV SHIRTING'),
(1832, 'GREY LAWN NB'),
(1833, 'PAPER COTTON'),
(1834, 'LINEN FILL'),
(1835, 'LAWN PRINT'),
(1836, 'OZONE COT'),
(1837, 'TURKISH COT'),
(1838, 'GREY CRYSTAL SHRITING'),
(1839, 'GREY CRYSTAL SUITING'),
(1840, 'GREY GLAMOUR SHIRTING'),
(1841, 'GREY GLAMOUR SUITING'),
(1842, 'GREY SOLEMO'),
(1843, 'GLANZA'),
(1844, 'SUPER LAWN'),
(1845, '20 SHIRTING'),
(1846, 'AZY LAWN'),
(1847, 'VEGA'),
(1848, 'GREY VAARIS'),
(1849, 'AXEL COT'),
(1850, 'MAXUS'),
(1851, 'GREY COT LOOK PLEATS'),
(1852, 'GREY VEGA PLEATS'),
(1853, 'GREY COMP PLEATS'),
(1854, 'P R WHITE'),
(1855, 'ELIVYA SHIRTING'),
(1856, 'LORENCE GIZA'),
(1857, 'PRADA PRINT'),
(1858, 'MAX PRINT'),
(1859, 'FINISH FABRIC'),
(1860, 'ZORITO'),
(1861, 'LINEN PRINCE'),
(1862, 'ARMANI LINEN'),
(1863, 'GIZA PRINT'),
(1864, 'SIGMA LAWN'),
(1865, 'EGYPTIAN PRINT'),
(1866, 'BERGAMO PRINT'),
(1867, 'L. G. PRINT'),
(1868, 'SULTAN'),
(1869, 'GLANZA PRINT'),
(1870, 'COT'),
(1871, 'RIVA LINEN'),
(1872, 'GOLD PRINT'),
(1873, 'SERO PRINT'),
(1874, 'KT LAWN'),
(1875, 'FLEX NATURAL'),
(1876, 'LINEN TOUCH'),
(1877, 'MARVEL'),
(1878, 'FERO LAWN'),
(1879, 'RIZO LAWN'),
(1880, 'EURO LAWN'),
(1881, 'AXEL PRINT'),
(1882, 'SHANEL COT'),
(1883, 'BENITO PRINT'),
(1884, 'FLORA PRINT'),
(1885, '02-POST SALE DISCOUNT'),
(1886, '07-OTHERS'),
(1887, 'NOT FOUND'),
(1888, 'GOLD COIN (JODI)'),
(1889, 'ZONI PRINT'),
(1890, 'MD PRINT'),
(1891, 'CHINDI'),
(1892, 'KATRAN'),
(1893, 'NEWTON'),
(1894, 'PRICOT SATIN'),
(1895, 'GREY PRICOT SATIN RFD'),
(1896, 'GREY NEWTON RFD'),
(1897, 'GREY MATTY RFD'),
(1898, 'GREY POLY COT PLAIN'),
(1899, 'GREY SAUDI GIZA'),
(1900, 'GREY COT JACQUARD'),
(1901, 'GREY RIZA LAWN'),
(1902, 'GREY POLY PLEATS'),
(1903, 'GREY WS SUITING'),
(1904, 'GREY WS SHIRTING'),
(1905, 'FLEX'),
(1906, 'SAUDI GIZA'),
(1907, 'GREY 16 PLEATS'),
(1908, 'RIZA LAWN'),
(1909, 'GREY SALVADOR GIZA'),
(1910, 'GREY ZARI BUTTA'),
(1911, 'REGENCY'),
(1912, 'GREY RIVAZA'),
(1913, 'ROYAL SHIRTING'),
(1914, 'GREY STAR KOT'),
(1915, 'FINISH LAWN'),
(1916, 'BUTTA HOLL'),
(1917, 'GREY SEQUENCE ZARI'),
(1918, 'KHADI CHECKS'),
(1919, 'KHADI PLAIN'),
(1920, 'GREY AMORA'),
(1921, 'GREY BUTTA PLEATS'),
(1922, 'GREY CRUSH ZARI'),
(1923, 'GREY ZARI SEQUENCE'),
(1924, 'GREY DAZZLE'),
(1925, 'STREET GIZA'),
(1926, 'GREY TENCEL COTTON'),
(1927, 'TRINITY GIZA'),
(1928, 'N-70'),
(1929, 'WEIGHT LESS'),
(1930, 'GREY BUTTA'),
(1931, 'SEA WOOD'),
(1932, 'GREY 20 RFD SHIRTING'),
(1933, 'RFD POLY COT'),
(1934, 'GREY COTTON GIZA'),
(1935, 'GREY DULL COTTON DOBBY'),
(1936, 'LONG SLUB RFD'),
(1937, 'YUVA LAWN'),
(1938, 'GREY BOURNVILLA'),
(1939, 'GREY PRIMEROSE LENCIL'),
(1940, 'GREY POLY LYCRA PATTA'),
(1941, '80 LAWN'),
(1942, 'GREY COLOUR KHADI PIAIN'),
(1943, 'GREY ZARI CHECKS'),
(1944, 'GREY NEON PATTA'),
(1945, 'OSCAR JODI'),
(1946, 'MOZARO'),
(1947, 'GREY COTTON LAWN'),
(1948, 'LEXA'),
(1949, 'GREY POLY X COTTON'),
(1950, 'CORDELA'),
(1951, 'ASTER LYCRA'),
(1952, 'GIZA LENCIL'),
(1953, 'HENRY LYCRA'),
(1954, 'WILLIAM LYCRA'),
(1955, 'LEO LYCRA'),
(1956, 'HAZEL LYCRA'),
(1957, 'GREY WORLD GIZA'),
(1958, 'GREY URDU LAWN'),
(1959, 'GREY WHITE SHELDON'),
(1960, 'GREY COTTON LAPET'),
(1961, 'GREY VISCOSE FORTUNE'),
(1962, 'GREY COTTON PLEATS'),
(1963, 'GREY MATRIX'),
(1964, 'OCEAN COT'),
(1965, 'ADANA COT'),
(1966, 'SEA LIFE'),
(1967, 'LEAZONE'),
(1968, 'STAR GAZE'),
(1969, 'BAAZI LAWN'),
(1970, 'GREY BRANBERRY'),
(1971, 'FORTUNE PRINT'),
(1972, 'BORRIS'),
(1973, 'GREY FORTUNE BUTTA'),
(1974, 'PRIMUS'),
(1975, 'GIZA LAWN PRINT'),
(1976, 'NEWTON SATIN'),
(1977, 'B THAN MIX (SST)'),
(1978, 'GREY PC SHELDON'),
(1979, 'SAMARA'),
(1980, 'SATIN DIGITAL'),
(1981, 'MATTY DIGITAL'),
(1982, 'GREY NATURAL COTTON'),
(1983, 'STERLING(JODI)'),
(1984, 'MAJESTY'),
(1985, 'JP PRINT'),
(1986, 'GREY TWILL RFD'),
(1987, 'GREY SEEYARA 001'),
(1988, 'GREY LEEFARA 003'),
(1989, 'GREY LEEFARA 005'),
(1990, 'RIZANA'),
(1991, 'GREY LEEFARA 004'),
(1992, 'DENZEL'),
(1993, 'LAWN BUTTA YELLOW'),
(1994, 'MENSA'),
(1995, 'GREY DELLA 002'),
(1996, 'GREY 50 COTLIN DOBBY'),
(1997, 'GREY WIKY STRIPES'),
(1998, 'GREY LAWN CHECKS'),
(1999, 'DAZZLE YELLOW'),
(2000, 'STRIPE LAWN YELLOW'),
(2001, 'GREY POLY LYCRA'),
(2002, 'GREY FERRIS'),
(2003, 'GREY EGY GIZA SUITING'),
(2004, 'WHITE PRIME (JODI)'),
(2005, 'UNITED'),
(2006, 'GALAXY'),
(2007, 'VERSA ( JODI )'),
(2008, 'SERRA ( JODI)'),
(2009, 'GREY 30 SLUB SHIRTING'),
(2010, 'ROSE COT'),
(2011, 'GRAHAM'),
(2012, 'DUMMY2'),
(2013, 'DUMMY3'),
(2014, 'PASHA LAWN'),
(2015, 'GREY SATIN LYERA'),
(2016, 'CAIRO SHIRTING'),
(2017, 'GREY IMMAM PATTA'),
(2018, 'GREY APITOMS'),
(2019, 'GREY COTTON SAFARI'),
(2020, 'GREY POLY CRUSH'),
(2021, 'GREY 70 GIZA'),
(2022, 'GREY COOL BERRY'),
(2023, 'GREY GIZA LENCIL');

-- --------------------------------------------------------

--
-- Table structure for table `users`
--

CREATE TABLE `users` (
  `ID` int(11) NOT NULL,
  `Username` varchar(500) NOT NULL,
  `Name` varchar(500) NOT NULL,
  `Password` varchar(500) NOT NULL,
  `Role` int(11) NOT NULL,
  `RememberMe` varchar(1000) DEFAULT NULL,
  `LastLoginAt` timestamp NULL DEFAULT NULL,
  `CreatedAt` timestamp NOT NULL DEFAULT CURRENT_TIMESTAMP ON UPDATE CURRENT_TIMESTAMP,
  `CreatedBy` int(11) NOT NULL
) ENGINE=InnoDB DEFAULT CHARSET=latin1;

--
-- Dumping data for table `users`
--

INSERT INTO `users` (`ID`, `Username`, `Name`, `Password`, `Role`, `RememberMe`, `LastLoginAt`, `CreatedAt`, `CreatedBy`) VALUES
(1, 'sneha', 'Sneha Wadkar', 'sneha1234', 1, NULL, NULL, '2023-12-22 08:42:45', 0),
(2, 'test', 'test', 'test', 2, NULL, NULL, '2023-12-22 08:42:47', 0),
(3, 'user1', 'user1', 'user1', 2, NULL, NULL, '2023-12-22 08:42:50', 0),
(4, 'kreon123', 'kreon123', 'kreon123', 1, NULL, NULL, '2023-12-22 08:42:52', 0),
(11, 'SHRI', 'Shrikant', '123', 1, NULL, NULL, '2023-12-22 08:42:54', 0);

-- --------------------------------------------------------

--
-- Stand-in structure for view `view_purchaseinward`
-- (See below for the actual view)
--
CREATE TABLE `view_purchaseinward` (
`ID` int(11)
,`Reg` varchar(2000)
,`EntryNo` varchar(2000)
,`EntryDate` date
,`ChlNo` varchar(2000)
,`ChlDate` date
,`TrspPay` varchar(2000)
,`Sender` varchar(2000)
,`Broker` varchar(2000)
,`Remark` text
,`Total` float
,`Meter` float
,`Lumps` varchar(50)
,`CreatedAt` timestamp
,`CreatedBy` int(11)
,`PartyName` varchar(1000)
,`BrokerName` varchar(1000)
);

-- --------------------------------------------------------

--
-- Structure for view `view_purchaseinward`
--
DROP TABLE IF EXISTS `view_purchaseinward`;

CREATE ALGORITHM=UNDEFINED DEFINER=`kreoninprimary`@`localhost` SQL SECURITY DEFINER VIEW `view_purchaseinward`  AS SELECT `purchaseinward`.`ID` AS `ID`, `purchaseinward`.`Reg` AS `Reg`, `purchaseinward`.`EntryNo` AS `EntryNo`, `purchaseinward`.`EntryDate` AS `EntryDate`, `purchaseinward`.`ChlNo` AS `ChlNo`, `purchaseinward`.`ChlDate` AS `ChlDate`, `purchaseinward`.`TrspPay` AS `TrspPay`, `purchaseinward`.`Sender` AS `Sender`, `purchaseinward`.`Broker` AS `Broker`, `purchaseinward`.`Remark` AS `Remark`, `purchaseinward`.`Total` AS `Total`, `purchaseinward`.`Meter` AS `Meter`, `purchaseinward`.`Lumps` AS `Lumps`, `purchaseinward`.`CreatedAt` AS `CreatedAt`, `purchaseinward`.`CreatedBy` AS `CreatedBy`, `master_party`.`Name` AS `PartyName`, `master_broker`.`Name` AS `BrokerName` FROM ((`purchaseinward` left join `master_party` on((`purchaseinward`.`Sender` = `master_party`.`ID`))) left join `master_broker` on((`purchaseinward`.`Broker` = `master_broker`.`ID`))) ;

--
-- Indexes for dumped tables
--

--
-- Indexes for table `contacts`
--
ALTER TABLE `contacts`
  ADD PRIMARY KEY (`ID`);

--
-- Indexes for table `kgridfields`
--
ALTER TABLE `kgridfields`
  ADD PRIMARY KEY (`GridFieldId`);

--
-- Indexes for table `kmainfields`
--
ALTER TABLE `kmainfields`
  ADD PRIMARY KEY (`main_id`);

--
-- Indexes for table `kmainforms`
--
ALTER TABLE `kmainforms`
  ADD PRIMARY KEY (`FormId`);

--
-- Indexes for table `kmaingrid`
--
ALTER TABLE `kmaingrid`
  ADD PRIMARY KEY (`GridId`);

--
-- Indexes for table `kmainmedia`
--
ALTER TABLE `kmainmedia`
  ADD PRIMARY KEY (`MediaID`);

--
-- Indexes for table `kpageaccess`
--
ALTER TABLE `kpageaccess`
  ADD PRIMARY KEY (`ID`);

--
-- Indexes for table `kReportFields`
--
ALTER TABLE `kReportFields`
  ADD PRIMARY KEY (`ID`);

--
-- Indexes for table `kReportFilters`
--
ALTER TABLE `kReportFilters`
  ADD PRIMARY KEY (`ID`);

--
-- Indexes for table `kReportHeader`
--
ALTER TABLE `kReportHeader`
  ADD PRIMARY KEY (`ID`);

--
-- Indexes for table `map_project_tasks`
--
ALTER TABLE `map_project_tasks`
  ADD PRIMARY KEY (`ID`);

--
-- Indexes for table `map_purchaseinward_party`
--
ALTER TABLE `map_purchaseinward_party`
  ADD PRIMARY KEY (`ID`);

--
-- Indexes for table `map_purchaseinward_products`
--
ALTER TABLE `map_purchaseinward_products`
  ADD PRIMARY KEY (`ID`);

--
-- Indexes for table `map_test_broker`
--
ALTER TABLE `map_test_broker`
  ADD PRIMARY KEY (`ID`);

--
-- Indexes for table `map_test_multiple_media`
--
ALTER TABLE `map_test_multiple_media`
  ADD PRIMARY KEY (`ID`);

--
-- Indexes for table `map_test_quality`
--
ALTER TABLE `map_test_quality`
  ADD PRIMARY KEY (`ID`);

--
-- Indexes for table `MasterAlignment`
--
ALTER TABLE `MasterAlignment`
  ADD PRIMARY KEY (`ID`);

--
-- Indexes for table `master_broker`
--
ALTER TABLE `master_broker`
  ADD PRIMARY KEY (`ID`);

--
-- Indexes for table `master_calculations`
--
ALTER TABLE `master_calculations`
  ADD PRIMARY KEY (`ID`);

--
-- Indexes for table `master_fieldtype`
--
ALTER TABLE `master_fieldtype`
  ADD PRIMARY KEY (`ID`);

--
-- Indexes for table `master_party`
--
ALTER TABLE `master_party`
  ADD PRIMARY KEY (`ID`);

--
-- Indexes for table `master_quality`
--
ALTER TABLE `master_quality`
  ADD PRIMARY KEY (`ID`);

--
-- Indexes for table `master_yesno`
--
ALTER TABLE `master_yesno`
  ADD PRIMARY KEY (`ID`);

--
-- Indexes for table `pageroleaccess`
--
ALTER TABLE `pageroleaccess`
  ADD PRIMARY KEY (`ID`);

--
-- Indexes for table `pagerolemaster`
--
ALTER TABLE `pagerolemaster`
  ADD PRIMARY KEY (`RoleId`);

--
-- Indexes for table `Projects`
--
ALTER TABLE `Projects`
  ADD PRIMARY KEY (`ID`);

--
-- Indexes for table `purchaseinward`
--
ALTER TABLE `purchaseinward`
  ADD PRIMARY KEY (`ID`);

--
-- Indexes for table `Tasks`
--
ALTER TABLE `Tasks`
  ADD PRIMARY KEY (`ID`);

--
-- Indexes for table `testtable`
--
ALTER TABLE `testtable`
  ADD PRIMARY KEY (`ID`);

--
-- Indexes for table `test_data`
--
ALTER TABLE `test_data`
  ADD PRIMARY KEY (`ID`);

--
-- Indexes for table `users`
--
ALTER TABLE `users`
  ADD PRIMARY KEY (`ID`);

--
-- AUTO_INCREMENT for dumped tables
--

--
-- AUTO_INCREMENT for table `contacts`
--
ALTER TABLE `contacts`
  MODIFY `ID` int(11) NOT NULL AUTO_INCREMENT, AUTO_INCREMENT=2;

--
-- AUTO_INCREMENT for table `kgridfields`
--
ALTER TABLE `kgridfields`
  MODIFY `GridFieldId` int(11) NOT NULL AUTO_INCREMENT, AUTO_INCREMENT=13;

--
-- AUTO_INCREMENT for table `kmainfields`
--
ALTER TABLE `kmainfields`
  MODIFY `main_id` int(11) NOT NULL AUTO_INCREMENT, AUTO_INCREMENT=181;

--
-- AUTO_INCREMENT for table `kmainforms`
--
ALTER TABLE `kmainforms`
  MODIFY `FormId` int(11) NOT NULL AUTO_INCREMENT, AUTO_INCREMENT=18;

--
-- AUTO_INCREMENT for table `kmaingrid`
--
ALTER TABLE `kmaingrid`
  MODIFY `GridId` int(11) NOT NULL AUTO_INCREMENT, AUTO_INCREMENT=3;

--
-- AUTO_INCREMENT for table `kmainmedia`
--
ALTER TABLE `kmainmedia`
  MODIFY `MediaID` int(11) NOT NULL AUTO_INCREMENT, AUTO_INCREMENT=11;

--
-- AUTO_INCREMENT for table `kpageaccess`
--
ALTER TABLE `kpageaccess`
  MODIFY `ID` int(11) NOT NULL AUTO_INCREMENT, AUTO_INCREMENT=23;

--
-- AUTO_INCREMENT for table `kReportFields`
--
ALTER TABLE `kReportFields`
  MODIFY `ID` int(11) NOT NULL AUTO_INCREMENT, AUTO_INCREMENT=5;

--
-- AUTO_INCREMENT for table `kReportFilters`
--
ALTER TABLE `kReportFilters`
  MODIFY `ID` int(11) NOT NULL AUTO_INCREMENT, AUTO_INCREMENT=4;

--
-- AUTO_INCREMENT for table `kReportHeader`
--
ALTER TABLE `kReportHeader`
  MODIFY `ID` int(11) NOT NULL AUTO_INCREMENT, AUTO_INCREMENT=2;

--
-- AUTO_INCREMENT for table `map_project_tasks`
--
ALTER TABLE `map_project_tasks`
  MODIFY `ID` int(11) NOT NULL AUTO_INCREMENT, AUTO_INCREMENT=19;

--
-- AUTO_INCREMENT for table `map_purchaseinward_party`
--
ALTER TABLE `map_purchaseinward_party`
  MODIFY `ID` int(11) NOT NULL AUTO_INCREMENT, AUTO_INCREMENT=9;

--
-- AUTO_INCREMENT for table `map_purchaseinward_products`
--
ALTER TABLE `map_purchaseinward_products`
  MODIFY `ID` int(11) NOT NULL AUTO_INCREMENT, AUTO_INCREMENT=23;

--
-- AUTO_INCREMENT for table `map_test_broker`
--
ALTER TABLE `map_test_broker`
  MODIFY `ID` int(11) NOT NULL AUTO_INCREMENT, AUTO_INCREMENT=47;

--
-- AUTO_INCREMENT for table `map_test_multiple_media`
--
ALTER TABLE `map_test_multiple_media`
  MODIFY `ID` int(11) NOT NULL AUTO_INCREMENT, AUTO_INCREMENT=7;

--
-- AUTO_INCREMENT for table `map_test_quality`
--
ALTER TABLE `map_test_quality`
  MODIFY `ID` int(11) NOT NULL AUTO_INCREMENT, AUTO_INCREMENT=58;

--
-- AUTO_INCREMENT for table `MasterAlignment`
--
ALTER TABLE `MasterAlignment`
  MODIFY `ID` int(11) NOT NULL AUTO_INCREMENT;

--
-- AUTO_INCREMENT for table `master_broker`
--
ALTER TABLE `master_broker`
  MODIFY `ID` int(11) NOT NULL AUTO_INCREMENT, AUTO_INCREMENT=20;

--
-- AUTO_INCREMENT for table `master_calculations`
--
ALTER TABLE `master_calculations`
  MODIFY `ID` int(11) NOT NULL AUTO_INCREMENT, AUTO_INCREMENT=4;

--
-- AUTO_INCREMENT for table `master_fieldtype`
--
ALTER TABLE `master_fieldtype`
  MODIFY `ID` int(11) NOT NULL AUTO_INCREMENT, AUTO_INCREMENT=17;

--
-- AUTO_INCREMENT for table `master_party`
--
ALTER TABLE `master_party`
  MODIFY `ID` int(11) NOT NULL AUTO_INCREMENT, AUTO_INCREMENT=10;

--
-- AUTO_INCREMENT for table `master_quality`
--
ALTER TABLE `master_quality`
  MODIFY `ID` int(11) NOT NULL AUTO_INCREMENT, AUTO_INCREMENT=28;

--
-- AUTO_INCREMENT for table `master_yesno`
--
ALTER TABLE `master_yesno`
  MODIFY `ID` int(11) NOT NULL AUTO_INCREMENT, AUTO_INCREMENT=3;

--
-- AUTO_INCREMENT for table `pageroleaccess`
--
ALTER TABLE `pageroleaccess`
  MODIFY `ID` int(11) NOT NULL AUTO_INCREMENT, AUTO_INCREMENT=281;

--
-- AUTO_INCREMENT for table `pagerolemaster`
--
ALTER TABLE `pagerolemaster`
  MODIFY `RoleId` int(11) NOT NULL AUTO_INCREMENT, AUTO_INCREMENT=5;

--
-- AUTO_INCREMENT for table `Projects`
--
ALTER TABLE `Projects`
  MODIFY `ID` int(11) NOT NULL AUTO_INCREMENT, AUTO_INCREMENT=21;

--
-- AUTO_INCREMENT for table `purchaseinward`
--
ALTER TABLE `purchaseinward`
  MODIFY `ID` int(11) NOT NULL AUTO_INCREMENT, AUTO_INCREMENT=10;

--
-- AUTO_INCREMENT for table `Tasks`
--
ALTER TABLE `Tasks`
  MODIFY `ID` int(11) NOT NULL AUTO_INCREMENT, AUTO_INCREMENT=16;

--
-- AUTO_INCREMENT for table `testtable`
--
ALTER TABLE `testtable`
  MODIFY `ID` int(11) NOT NULL AUTO_INCREMENT, AUTO_INCREMENT=6;

--
-- AUTO_INCREMENT for table `test_data`
--
ALTER TABLE `test_data`
  MODIFY `ID` int(11) NOT NULL AUTO_INCREMENT, AUTO_INCREMENT=2024;

--
-- AUTO_INCREMENT for table `users`
--
ALTER TABLE `users`
  MODIFY `ID` int(11) NOT NULL AUTO_INCREMENT, AUTO_INCREMENT=27;
COMMIT;

/*!40101 SET CHARACTER_SET_CLIENT=@OLD_CHARACTER_SET_CLIENT */;
/*!40101 SET CHARACTER_SET_RESULTS=@OLD_CHARACTER_SET_RESULTS */;
/*!40101 SET COLLATION_CONNECTION=@OLD_COLLATION_CONNECTION */;
